lat,lon,date,disaster,nama_lokasi,keterangan_banjir
-6.873180968890679,107.5899809417006,2023-01-01,1,"Bandung, West Java",Banjir
-7.729808397273563,107.62053916058704,2023-01-02,0,"Bunisari, West Java",Tidak Banjir
-6.349160159107056,106.02867275422564,2023-01-03,1,"Parigi, Banten",Banjir
-7.414209275047638,107.28698363670314,2023-01-04,0,"Gunungbatu, West Java",Tidak Banjir
-6.690328949431322,106.71844954013184,2023-01-05,0,"Caringin, West Java",Tidak Banjir
-6.293017625739488,107.39164426150936,2023-01-06,0,"Cikampek, West Java",Tidak Banjir
-7.234003572371539,106.40138737229054,2023-01-07,1,"Sindangasih, West Java",Banjir
-6.077708569234314,107.2494020915083,2023-01-08,0,"Rengasdengklok, West Java",Tidak Banjir
-7.929508573549851,106.82683959350408,2023-01-09,1,"Sinarharapan, West Java",Banjir
-7.37556381177871,106.44812003570424,2023-01-10,1,"Simpang, West Java",Banjir
-7.794703528757395,106.67430378871248,2023-01-11,1,"Rancaerang, West Java",Banjir
-6.498786096550836,106.43057034865626,2023-01-12,1,"Lebakhuni, West Java",Banjir
-7.422527633157745,107.04038994125888,2023-01-13,0,"Sukadami, West Java",Tidak Banjir
-6.553879358954545,106.81287184595976,2023-01-14,0,"Bogor, West Java",Tidak Banjir
-7.317544945998303,106.43824194431237,2023-01-15,0,"Gunungbatu, West Java",Tidak Banjir
-7.595847637566446,107.37351992161648,2023-01-16,1,"Kertajadi, West Java",Banjir
-6.791649094891755,106.98091207136916,2023-01-17,1,"Sukabumi, West Java",Banjir
-7.215071786102351,107.02699215377125,2023-01-18,0,"Cintasari, West Java",Tidak Banjir
-7.188054612083835,106.66501692439525,2023-01-19,0,"Kalijaga, West Java",Tidak Banjir
-6.701130709833127,106.27734565502595,2023-01-20,1,"Cilebang Satu, Banten",Banjir
-6.463358656055471,107.4790540212131,2023-01-21,0,"Cikampek, West Java",Tidak Banjir
-6.6536245618177485,106.88173045651982,2023-01-22,1,"Caringin, West Java",Banjir
-6.021159427927115,106.0548448274512,2023-01-23,1,"Curug, Banten",Banjir
-6.326574815860517,107.66294408063742,2023-01-24,1,"Pamanukan, West Java",Banjir
-6.460760627867929,106.33790431820827,2023-01-25,1,"Sumandang, Banten",Banjir
-6.553827151933035,106.56548182543948,2023-01-26,0,"Sidoger Lebak, West Java",Tidak Banjir
-6.550328557827273,107.17005400700609,2023-01-27,1,"Cileungsir, West Java",Banjir
-6.305436433003679,106.18765442196442,2023-01-28,1,"Karangtanjung, Banten",Banjir
-6.881799988461452,107.13283207246889,2023-01-29,1,"Cibeber, West Java",Banjir
-7.819030455118774,107.72657308488644,2023-01-30,1,"Cibera, West Java",Banjir
-7.62867833378258,107.97431673771833,2023-01-31,0,"Nagrog, West Java",Tidak Banjir
-7.065880158825896,106.71833415150678,2023-02-01,1,"Puncakdago, West Java",Banjir
-7.0225603073005525,106.8786982270222,2023-02-02,0,"Sukamaju, West Java",Tidak Banjir
-6.707608895781407,106.4521123010834,2023-02-03,1,"Cisarua, West Java",Banjir
-7.772644377544777,106.00552453740448,2023-02-04,0,"Gunungbatu, West Java",Tidak Banjir
-7.876545429941085,107.82297605291228,2023-02-05,1,"Cibalieur, West Java",Banjir
-7.9808148367131375,107.98948062125184,2023-02-06,1,"Sindangkerta, West Java",Banjir
-6.283511087224732,107.42217271688448,2023-02-07,1,"Cikampek, West Java",Banjir
-7.652141586882688,106.1475153691229,2023-02-08,0,"Gunungbatu, West Java",Tidak Banjir
-6.205001832488639,107.21302794962652,2023-02-09,1,"Cikarang, West Java",Banjir
-6.685976720840677,107.77973081168662,2023-02-10,1,"Lembang, West Java",Banjir
-7.298801256719066,106.31340272186212,2023-02-11,1,"Gunungbatu, West Java",Banjir
-7.899075955483421,107.481975828803,2023-02-12,1,"Gunungsulah, West Java",Banjir
-6.755034808921893,107.54913203384714,2023-02-13,0,"Lembang, West Java",Tidak Banjir
-6.660797246397423,107.100254056228,2023-02-14,1,"Ciranjang-hilir, West Java",Banjir
-7.253256015371823,107.62365200284852,2023-02-15,1,"Santosa, West Java",Banjir
-7.817110825010347,107.07996882765362,2023-02-16,0,"Cigarogol, West Java",Tidak Banjir
-6.829310523363684,107.12888602591126,2023-02-17,1,"Ciranjang-hilir, West Java",Banjir
-6.914272157001994,106.44104821444644,2023-02-18,1,"Gunungempuk, West Java",Banjir
-7.901989082804437,106.95760085690924,2023-02-19,0,"Sukadami, West Java",Tidak Banjir
-6.534350578009866,107.15067596034032,2023-02-20,0,"Cileungsir, West Java",Tidak Banjir
-7.5299395924798915,107.08051101304795,2023-02-21,0,"Mekarsari, West Java",Tidak Banjir
-7.7907493471003,107.4719908640363,2023-02-22,1,"Gunungsulah, West Java",Banjir
-6.431126502121821,106.51283913433036,2023-02-23,1,"Garisul, West Java",Banjir
-7.476321015567728,106.141450508368,2023-02-24,1,"Gunungbatu, West Java",Banjir
-6.544838820248771,107.42918798928412,2023-02-25,1,"Purwakarta, West Java",Banjir
-6.222249193955987,106.81317040557012,2023-02-26,1,"Jakarta, Jakarta Raya",Banjir
-7.454813647128452,106.5249046350945,2023-02-27,1,"Cibungur, West Java",Banjir
-7.427217518551757,107.69559709616983,2023-02-28,1,"Pakenjeng, West Java",Banjir
-6.964965444733225,106.02292904776724,2023-03-01,1,"Cicatang Satu, Banten",Banjir
-6.442468021922627,107.16156849693914,2023-03-02,0,"Cikarang, West Java",Tidak Banjir
-7.433033817767577,107.47557867564043,2023-03-03,1,"Cikarang, West Java",Banjir
-6.768699196241641,107.4392723830005,2023-03-04,1,"Padalarang, West Java",Banjir
-6.26980669534513,106.8994666175692,2023-03-05,0,"Jakarta, Jakarta Raya",Tidak Banjir
-7.594216208080418,107.36950679425706,2023-03-06,0,"Kertajadi, West Java",Tidak Banjir
-6.95795592788445,106.96456974807732,2023-03-07,0,"Sukabumi, West Java",Tidak Banjir
-6.796825129974221,107.5648692717103,2023-03-08,1,"Lembang, West Java",Banjir
-7.994349928061989,107.8882852940372,2023-03-09,0,"Ciheras, West Java",Tidak Banjir
-6.828387829058644,107.31918187808029,2023-03-10,0,"Ciranjang-hilir, West Java",Tidak Banjir
-7.036024413735724,107.2938514943339,2023-03-11,0,"Nagrog, West Java",Tidak Banjir
-6.6786970158656125,106.84924200080664,2023-03-12,0,"Caringin, West Java",Tidak Banjir
-6.319296228410103,106.25517523598089,2023-03-13,0,"Rangkasbitung, Banten",Tidak Banjir
-6.120102664701855,107.24539089047542,2023-03-14,1,"Rengasdengklok, West Java",Banjir
-7.033634963287333,107.13563295484956,2023-03-15,0,"Campaka, West Java",Tidak Banjir
-7.067683199937507,107.3578520113336,2023-03-16,1,"Nagrog, West Java",Banjir
-6.90272912159224,106.04872817544258,2023-03-17,0,"Cicatang Satu, Banten",Tidak Banjir
-6.929287178255203,106.1473701216464,2023-03-18,0,"Panyaungan Timur, Banten",Tidak Banjir
-6.355580955752845,106.04329912008274,2023-03-19,1,"Rocek, Banten",Banjir
-7.109614393267908,107.7680355997555,2023-03-20,0,"Paseh, West Java",Tidak Banjir
-7.112731459784203,106.18293169466104,2023-03-21,0,"Sindanglaut, Banten",Tidak Banjir
-7.523394802695979,106.40972940297306,2023-03-22,1,"Simpang, West Java",Banjir
-6.7871526668534665,106.6108058613111,2023-03-23,1,"Kubang, Banten",Banjir
-6.683733111275608,106.87097793479536,2023-03-24,1,"Caringin, West Java",Banjir
-7.588723769763328,107.0797324442626,2023-03-25,0,"Mekarsari, West Java",Tidak Banjir
-7.026155669500329,107.03953454284984,2023-03-26,1,"Mekarjaya, West Java",Banjir
-7.519278191774333,106.35177807800994,2023-03-27,0,"Gunungbatu, West Java",Tidak Banjir
-6.32574340606985,106.82732323627786,2023-03-28,1,"Depok, West Java",Banjir
-6.867886673909183,107.0192379032929,2023-03-29,0,"Sukabumi, West Java",Tidak Banjir
-7.30316817139409,107.31651204965672,2023-03-30,1,"Pancalan, West Java",Banjir
-7.570102287542281,106.6014942062986,2023-03-31,1,"Mekarjaya Satu, West Java",Banjir
-7.780002957346751,107.3480510026266,2023-04-01,1,"Kertajadi, West Java",Banjir
-7.035397594328903,107.17727654112144,2023-04-02,0,"Kebonkaret, West Java",Tidak Banjir
-6.2863471338517405,106.143954152366,2023-04-03,0,"Karangtanjung, Banten",Tidak Banjir
-7.830671909466709,107.33975015263948,2023-04-04,0,"Rancabuaya, West Java",Tidak Banjir
-6.772648220910238,106.81625486624024,2023-04-05,1,"Cicurug, West Java",Banjir
-6.623850010361737,106.8854542436966,2023-04-06,1,"Bogor, West Java",Banjir
-6.716748363236593,107.72997434241482,2023-04-07,0,"Lembang, West Java",Tidak Banjir
-6.740550411170125,107.53236950543396,2023-04-08,0,"Lembang, West Java",Tidak Banjir
-7.7706563133298,106.78835054234364,2023-04-09,1,"Sinarharapan, West Java",Banjir
-6.965438085933309,107.78391691927716,2023-04-10,1,"Cileunyi, West Java",Banjir
-6.611556189378764,107.06336873000848,2023-04-11,0,"Citeureup, West Java",Tidak Banjir
-7.179591171484818,107.97713250110972,2023-04-12,1,"Cinunuk Girang, West Java",Banjir
-6.657848736786726,106.892767858924,2023-04-13,0,"Caringin, West Java",Tidak Banjir
-6.212588155452478,106.60046733181817,2023-04-14,0,"Tangerang, Banten",Tidak Banjir
-7.931870056594643,106.24526857554574,2023-04-15,1,"Simpang, West Java",Banjir
-6.111140711757778,106.3134730681282,2023-04-16,0,"Kresek, West Java",Tidak Banjir
-7.427755580715217,106.71534228977508,2023-04-17,1,"Rancaerang, West Java",Banjir
-6.355802516209278,106.86736982048248,2023-04-18,1,"Depok, West Java",Banjir
-6.443486136073601,106.1219946471604,2023-04-19,0,"Sarageni, Banten",Tidak Banjir
-7.259980864588476,106.8806076857466,2023-04-20,0,"Cikarang, West Java",Tidak Banjir
-6.318176736643271,107.87551834649048,2023-04-21,0,"Pamanukan, West Java",Tidak Banjir
-6.79808928154571,106.07062503385768,2023-04-22,0,"Cikadu, Banten",Tidak Banjir
-6.9559750814760966,106.88186387721784,2023-04-23,0,"Sukamaju, West Java",Tidak Banjir
-7.822989513048388,106.15314904390668,2023-04-24,1,"Gunungbatu, West Java",Banjir
-7.845760331057914,106.827708025472,2023-04-25,0,"Sinarharapan, West Java",Tidak Banjir
-7.756523177042252,106.28035431033628,2023-04-26,0,"Gunungbatu, West Java",Tidak Banjir
-7.153473508793378,107.56988283759809,2023-04-27,1,"Banjaran, West Java",Banjir
-6.475934324035672,107.2137766996531,2023-04-28,0,"Cikarang, West Java",Tidak Banjir
-6.581265793917753,106.42858728399528,2023-04-29,0,"Jaha, Banten",Tidak Banjir
-7.242441745514546,107.07442746575052,2023-04-30,1,"Kebonkaret, West Java",Banjir
-7.777531270195503,106.13693280541344,2023-05-01,0,"Gunungbatu, West Java",Tidak Banjir
-6.914592994151064,107.65346210077792,2023-05-02,0,"Bandung, West Java",Tidak Banjir
-7.570700307523927,107.75348133374216,2023-05-03,0,"Panyindangan, West Java",Tidak Banjir
-7.238607698885293,107.33663549215032,2023-05-04,1,"Balegede, West Java",Banjir
-7.761168366829453,106.192205795681,2023-05-05,0,"Gunungbatu, West Java",Tidak Banjir
-7.013138676962607,107.48197716008488,2023-05-06,0,"Soreang, West Java",Tidak Banjir
-6.641658635898672,106.04963378788416,2023-05-07,0,"Bulakan, Banten",Tidak Banjir
-6.6697026083996604,106.67119700889944,2023-05-08,1,"Ciampea, West Java",Banjir
-7.399838851829463,106.49977169833016,2023-05-09,1,"Cibungur, West Java",Banjir
-6.161812110766104,106.92763747585438,2023-05-10,0,"Bekasi, West Java",Tidak Banjir
-6.099623689943108,107.44543941053917,2023-05-11,1,"Rengasdengklok, West Java",Banjir
-7.003085815087346,106.80641799028018,2023-05-12,1,"Gunungkalong, West Java",Banjir
-7.288027980575545,106.41926649535264,2023-05-13,0,"Gunungbatu, West Java",Tidak Banjir
-6.037200315261603,107.12815860037408,2023-05-14,0,"Rengasdengklok, West Java",Tidak Banjir
-6.988356340239658,107.29483202261528,2023-05-15,1,"Nagrog, West Java",Banjir
-6.647341878884455,106.944979199995,2023-05-16,0,"Caringin, West Java",Tidak Banjir
-7.262253357468158,106.52538051287736,2023-05-17,0,"Cimarelang, West Java",Tidak Banjir
-6.828006446144233,107.70155324547116,2023-05-18,0,"Lembang, West Java",Tidak Banjir
-6.190774517189885,107.35640615437158,2023-05-19,0,"Rengasdengklok, West Java",Tidak Banjir
-7.146937950161087,106.76558172750488,2023-05-20,0,"Citampian, West Java",Tidak Banjir
-7.816618495699563,107.17008924255582,2023-05-21,1,"Cikamurang, West Java",Banjir
-6.418479421499341,106.94842500136168,2023-05-22,0,"Cileungsir, West Java",Tidak Banjir
-7.931894991958218,106.99060705750318,2023-05-23,1,"Mekarsari, West Java",Banjir
-7.281164076277856,107.67463367396503,2023-05-24,0,"Negla, West Java",Tidak Banjir
-6.222060895726377,107.52512642966576,2023-05-25,0,"Cikampek, West Java",Tidak Banjir
-6.807540295744275,107.83228143916426,2023-05-26,1,Tidak diketahui,Banjir
-6.022557459268176,106.76883934051722,2023-05-27,0,"Teluknaga, West Java",Tidak Banjir
-7.417603519908305,106.89273750136468,2023-05-28,0,"Situwangi, West Java",Tidak Banjir
-6.053014361557905,107.29294896278228,2023-05-29,0,"Rengasdengklok, West Java",Tidak Banjir
-6.772852817501889,106.1709877694512,2023-05-30,1,"Cikawung, Banten",Banjir
-6.946910130015708,107.45085536463448,2023-05-31,1,"Soreang, West Java",Banjir
-6.146932998453132,106.27187693568922,2023-06-01,0,"Kresek, West Java",Tidak Banjir
-6.501924890417073,106.54938901277754,2023-06-02,1,"Kadaka, West Java",Banjir
-6.613133260372981,106.14160717716126,2023-06-03,0,"Sumberwaras, Banten",Tidak Banjir
-7.478757154482552,107.22080294842242,2023-06-04,1,"Cigarogol, West Java",Banjir
-6.464212387973498,106.1158085974362,2023-06-05,0,"Sarageni, Banten",Tidak Banjir
-7.171087027583969,106.10848293718526,2023-06-06,1,"Sindanglaut, Banten",Banjir
-6.493540834178141,107.52098823793924,2023-06-07,1,"Cikampek, West Java",Banjir
-7.040804877261099,106.30093541524184,2023-06-08,1,"Cisujen Satu, Banten",Banjir
-7.028805158701864,107.5992663924714,2023-06-09,0,"Pameungpeuk, West Java",Tidak Banjir
-7.938907357447796,107.3818504010554,2023-06-10,0,"Gunungsulah, West Java",Tidak Banjir
-6.380184319858751,106.6898876452429,2023-06-11,0,"Parung, West Java",Tidak Banjir
-6.95197640520194,107.72708644141557,2023-06-12,1,"Cileunyi, West Java",Banjir
-6.6232208737284735,106.96417814690842,2023-06-13,1,"Citeureup, West Java",Banjir
-7.147719588168158,106.74613984006952,2023-06-14,1,"Bojonghaur, West Java",Banjir
-7.360420378438152,107.78021400959096,2023-06-15,1,"Panyingkiran, West Java",Banjir
-7.089233597718907,106.28526431994187,2023-06-16,1,"Cisujen Satu, Banten",Banjir
-6.907755494179428,106.69971528487363,2023-06-17,1,"Sindangsari, West Java",Banjir
-6.99103019901248,106.79857563417283,2023-06-18,1,"Gunungkalong, West Java",Banjir
-7.024423307952192,107.32989575811284,2023-06-19,0,"Nagrog, West Java",Tidak Banjir
-7.098197380123294,106.28499367828812,2023-06-20,0,"Cisujen Satu, Banten",Tidak Banjir
-7.657738499811586,106.99843259035048,2023-06-21,0,"Sukadami, West Java",Tidak Banjir
-6.023093618609488,106.00435894293456,2023-06-22,0,"Curug, Banten",Tidak Banjir
-7.650952564539498,106.71060993690952,2023-06-23,1,"Tegalbuleud, West Java",Banjir
-7.235342625809276,107.3894371311631,2023-06-24,0,"Balegede, West Java",Tidak Banjir
-7.442704718631668,107.4298523528542,2023-06-25,0,"Cikarang, West Java",Tidak Banjir
-7.73267684171889,107.23560648152989,2023-06-26,0,"Cikole, West Java",Tidak Banjir
-7.141117725727769,107.86813822929444,2023-06-27,1,"Pasirsalam, West Java",Banjir
-6.0849596627590445,106.8915496147116,2023-06-28,0,"Jakarta, Jakarta Raya",Tidak Banjir
-6.81595403639016,106.05184583048847,2023-06-29,1,"Citaritih, Banten",Banjir
-7.159561994634958,106.0125449701444,2023-06-30,0,"Panyaungan Timur, Banten",Tidak Banjir
-7.726044093334418,107.75109983376149,2023-07-01,1,"Ciawi, West Java",Banjir
-6.294555846637399,107.6041938048337,2023-07-02,0,"Cikampek, West Java",Tidak Banjir
-7.0006667652443815,106.02125892868126,2023-07-03,0,"Cicatang Satu, Banten",Tidak Banjir
-6.620448391595206,106.44888844389028,2023-07-04,0,"Cileuksa, West Java",Tidak Banjir
-6.637469713024884,107.3147582018767,2023-07-05,1,"Purwakarta, West Java",Banjir
-6.30027656286804,107.33338947516346,2023-07-06,1,"Rengasdengklok, West Java",Banjir
-7.026668224187235,107.84974111948507,2023-07-07,0,"Margabakti, West Java",Tidak Banjir
-6.102145806438399,106.29775730152694,2023-07-08,1,"Kresek, West Java",Banjir
-7.620611274333526,106.68810938748328,2023-07-09,1,"Rancaerang, West Java",Banjir
-6.300635265914067,107.30651456109656,2023-07-10,0,"Rengasdengklok, West Java",Tidak Banjir
-6.5970046936856885,107.84208730092908,2023-07-11,0,Tidak diketahui,Tidak Banjir
-6.752182396801487,106.22965810987527,2023-07-12,0,"Cikate, Banten",Tidak Banjir
-7.711898541385956,107.11960348300104,2023-07-13,0,"Cigarogol, West Java",Tidak Banjir
-6.0764842658275136,106.15191548009372,2023-07-14,0,"Serang, Banten",Tidak Banjir
-7.352211069124108,107.99014274668522,2023-07-15,0,"Nangtang, West Java",Tidak Banjir
-6.56096385043601,107.01635429630944,2023-07-16,0,"Citeureup, West Java",Tidak Banjir
-6.682933516300594,106.0262404021795,2023-07-17,1,"Pamundayan Kaler, Banten",Banjir
-6.978230607075961,107.46639408581504,2023-07-18,0,"Soreang, West Java",Tidak Banjir
-7.839856458579249,106.9244858257464,2023-07-19,1,"Sukadami, West Java",Banjir
-7.817363037827172,107.52512152358332,2023-07-20,1,"Gunungsulah, West Java",Banjir
-6.238342234360752,107.91464909563646,2023-07-21,1,"Pamanukan, West Java",Banjir
-7.993452914945465,107.76711831078008,2023-07-22,0,"Cibaregbeg, West Java",Tidak Banjir
-7.92110964955922,107.8567234400054,2023-07-23,0,"Ciheras, West Java",Tidak Banjir
-7.722075787430547,106.26663527989706,2023-07-24,0,"Gunungbatu, West Java",Tidak Banjir
-6.142827483200644,106.19012522526644,2023-07-25,0,"Serang, Banten",Tidak Banjir
-6.5673454478541,106.62643606331277,2023-07-26,0,"Ciampea, West Java",Tidak Banjir
-7.285947229535477,106.12597824332713,2023-07-27,0,"Gunungbatu, West Java",Tidak Banjir
-7.017583183541365,106.07983285887316,2023-07-28,1,"Panyaungan Timur, Banten",Banjir
-6.750598929257622,106.6370552954826,2023-07-29,0,"Cicurug, West Java",Tidak Banjir
-7.073438114378063,107.50825553182696,2023-07-30,1,"Soreang, West Java",Banjir
-7.582845643668786,107.63141369432388,2023-07-31,0,"Karangsari, West Java",Tidak Banjir
-7.999504327266299,106.105436779949,2023-08-01,1,"Gunungbatu, West Java",Banjir
-7.510658970106562,106.40049545936736,2023-08-02,1,"Simpang, West Java",Banjir
-6.464421209893857,107.33332890580738,2023-08-03,0,"Cikampek, West Java",Tidak Banjir
-6.106757274859405,106.22101500378704,2023-08-04,1,"Serang, Banten",Banjir
-7.6971668239538,107.92358624577898,2023-08-05,0,"Cibalieur, West Java",Tidak Banjir
-6.952902706125197,107.53729986300895,2023-08-06,1,"Margahayukencana, West Java",Banjir
-6.7598712803486025,106.60681488421773,2023-08-07,0,"Kubang, Banten",Tidak Banjir
-6.88159031024183,107.44622954933668,2023-08-08,1,"Padalarang, West Java",Banjir
-6.924722268220805,107.35663814138329,2023-08-09,0,"Ciranjang-hilir, West Java",Tidak Banjir
-7.558302900228928,106.80428964660165,2023-08-10,1,"Sinarharapan, West Java",Banjir
-7.4381941155537294,107.80292276372803,2023-08-11,0,"Potongan, West Java",Tidak Banjir
-6.092581856668849,107.57635688469104,2023-08-12,1,"Rengasdengklok, West Java",Banjir
-7.206933640213095,106.14259241119646,2023-08-13,0,"Cisujen Satu, Banten",Tidak Banjir
-6.018538792742491,106.62663690333832,2023-08-14,1,"Teluknaga, West Java",Banjir
-6.839131291349421,106.74902332252177,2023-08-15,0,"Cicurug, West Java",Tidak Banjir
-7.441128874121698,107.97748074143286,2023-08-16,0,"Kudang, West Java",Tidak Banjir
-6.801683210520228,107.8179224697488,2023-08-17,0,Tidak diketahui,Tidak Banjir
-6.177203422243421,106.66993921513028,2023-08-18,0,"Tangerang, Banten",Tidak Banjir
-6.38809615319122,106.7832800228679,2023-08-19,0,"Sawangan, West Java",Tidak Banjir
-7.933344946929113,107.34839365267814,2023-08-20,0,"Rancabuaya, West Java",Tidak Banjir
-7.813731506513543,106.59279627033496,2023-08-21,1,"Rancaerang, West Java",Banjir
-7.491772794904512,107.29310049184086,2023-08-22,1,"Cikole, West Java",Banjir
-7.918102791026127,107.0883999286325,2023-08-23,0,"Cigarogol, West Java",Tidak Banjir
-7.971539834212396,106.56918595196012,2023-08-24,1,"Rancaerang, West Java",Banjir
-6.992444931819257,106.82601893416742,2023-08-25,1,"Suryabakti, West Java",Banjir
-6.549110809610611,106.6318775596214,2023-08-26,1,"Ciampea, West Java",Banjir
-7.567591064621024,107.8134427732638,2023-08-27,1,"Cidahu, West Java",Banjir
-6.0072080632441605,106.44043835227608,2023-08-28,0,"Langgen, Banten",Tidak Banjir
-6.718485636006354,107.41858619227224,2023-08-29,1,"Padalarang, West Java",Banjir
-7.40970941992858,107.32249799884184,2023-08-30,1,"Wangunjaya, West Java",Banjir
-6.487548021524642,106.67406791585478,2023-08-31,1,"Ciampea, West Java",Banjir
-6.808466163810849,107.86515375203406,2023-09-01,1,Tidak diketahui,Banjir
-6.432946956482674,106.1705363252934,2023-09-02,0,"Sarageni, Banten",Tidak Banjir
-6.619674424360245,106.06787699282675,2023-09-03,0,"Kadubetara, Banten",Tidak Banjir
-6.511973754196235,107.44794907341884,2023-09-04,1,"Purwakarta, West Java",Banjir
-6.293530310840091,106.02205766601992,2023-09-05,0,"Gunungsari, Banten",Tidak Banjir
-6.9982513602783145,106.15899278279092,2023-09-06,1,"Panyaungan Timur, Banten",Banjir
-6.334055887582534,107.75596403559412,2023-09-07,0,"Pamanukan, West Java",Tidak Banjir
-7.20450824206061,106.95591107721891,2023-09-08,1,"Puncakmanis, West Java",Banjir
-6.858234236380861,107.61485723912082,2023-09-09,1,"Bandung, West Java",Banjir
-7.16613592157788,106.4269342474627,2023-09-10,1,"Ciwaru, West Java",Banjir
-7.511688404287161,106.99673834594545,2023-09-11,1,"Sukadami, West Java",Banjir
-7.443482891627954,107.3264595884624,2023-09-12,0,"Wangunjaya, West Java",Tidak Banjir
-7.638225131143969,107.51568925231471,2023-09-13,1,"Cijayana, West Java",Banjir
-6.952053091151955,106.68632206639384,2023-09-14,0,"Sindangsari, West Java",Tidak Banjir
-7.3704903415646275,107.95188820660456,2023-09-15,1,"Sukamukti, West Java",Banjir
-6.797674662504407,106.13256230804606,2023-09-16,0,"Cikaras, Banten",Tidak Banjir
-7.630486713450438,107.90597864016613,2023-09-17,0,"Simpang, West Java",Tidak Banjir
-6.451900179236423,107.72244169019676,2023-09-18,0,"Pamanukan, West Java",Tidak Banjir
-7.045670990304808,106.92592683237476,2023-09-19,1,"Cisantri, West Java",Banjir
-6.652673059130441,106.651641269588,2023-09-20,1,"Ciampea, West Java",Banjir
-7.122849884033204,106.53056620267684,2023-09-21,0,"Ciemas Satu, West Java",Tidak Banjir
-7.582976953553591,107.18895239808934,2023-09-22,1,"Cigarogol, West Java",Banjir
-7.592336325358185,107.0287655566338,2023-09-23,0,"Sukadami, West Java",Tidak Banjir
-6.072479199868491,106.18747310935534,2023-09-24,0,"Serang, Banten",Tidak Banjir
-6.7528255642493065,106.75878054591092,2023-09-25,0,"Cicurug, West Java",Tidak Banjir
-7.734013518256392,107.23213874083136,2023-09-26,1,"Cikole, West Java",Banjir
-6.2913908778288,106.37093382857256,2023-09-27,1,"Rangkasbitung, Banten",Banjir
-7.817815874564943,106.70345211089176,2023-09-28,1,"Tegalbuleud, West Java",Banjir
-7.177341656127743,106.21171062413389,2023-09-29,0,"Cisujen Satu, Banten",Tidak Banjir
-6.099860078679424,106.6404778417102,2023-09-30,1,"Teluknaga, West Java",Banjir
-6.156430154439685,107.45070065331876,2023-10-01,0,"Rengasdengklok, West Java",Tidak Banjir
-7.08675531803371,106.06982097741816,2023-10-02,0,"Panyaungan Timur, Banten",Tidak Banjir
-6.679686850301003,106.06072209548938,2023-10-03,1,"Sukakerta, Banten",Banjir
-7.208602792234801,106.1671749066594,2023-10-04,0,"Cisujen Satu, Banten",Tidak Banjir
-7.5482137376891,106.76554273039416,2023-10-05,0,"Tegalbuleud, West Java",Tidak Banjir
-6.513954656862929,106.2649831440853,2023-10-06,0,"Neglasari, Banten",Tidak Banjir
-6.325680915312924,107.15466065887966,2023-10-07,1,"Cikarang, West Java",Banjir
-7.828157130020747,106.24148824364018,2023-10-08,0,"Gunungbatu, West Java",Tidak Banjir
-7.311719146427279,106.12500016365416,2023-10-09,1,"Gunungbatu, West Java",Banjir
-6.364483977618536,106.1795083752725,2023-10-10,1,"Garawati, Banten",Banjir
-6.983558118299749,107.69120976789137,2023-10-11,0,"Cileunyi, West Java",Tidak Banjir
-7.640687527517689,106.86709054501527,2023-10-12,0,"Sinarharapan, West Java",Tidak Banjir
-6.47667641201913,107.38852724889378,2023-10-13,1,"Cikampek, West Java",Banjir
-7.671820325118392,106.8251058161547,2023-10-14,1,"Sinarharapan, West Java",Banjir
-6.071381921315762,107.69768438424168,2023-10-15,0,"Pamanukan, West Java",Tidak Banjir
-7.747983188866646,107.3191986262806,2023-10-16,1,"Kertajadi, West Java",Banjir
-7.102644544411949,107.55382793156804,2023-10-17,0,"Banjaran, West Java",Tidak Banjir
-7.846499934763501,107.45593648065976,2023-10-18,0,"Gunungsulah, West Java",Tidak Banjir
-7.062349960221471,106.2588370934733,2023-10-19,0,"Cisujen Satu, Banten",Tidak Banjir
-7.936485569722356,107.6795859184051,2023-10-20,1,"Cibera, West Java",Banjir
-6.4121058190229485,107.84611338735353,2023-10-21,1,"Pamanukan, West Java",Banjir
-6.6434233399064215,107.1437964974474,2023-10-22,0,"Ciranjang-hilir, West Java",Tidak Banjir
-7.6279580813638095,107.40091242467216,2023-10-23,0,"Rancabuaya, West Java",Tidak Banjir
-7.405315196175185,107.05412054707436,2023-10-24,0,"Sukarame, West Java",Tidak Banjir
-6.3729864529037314,107.63149232468284,2023-10-25,1,"Cikampek, West Java",Banjir
-7.41918847918179,107.9892837316871,2023-10-26,0,"Sawahbaru, West Java",Tidak Banjir
-6.143629392230919,106.19884121076022,2023-10-27,1,"Serang, Banten",Banjir
-7.602765017063857,107.13372529068398,2023-10-28,1,"Cigarogol, West Java",Banjir
-6.091221245604185,106.91240959833982,2023-10-29,1,"Jakarta, Jakarta Raya",Banjir
-6.909007307344524,107.57363135037484,2023-10-30,1,"Bandung, West Java",Banjir
-6.674431248850781,107.99023536308373,2023-10-31,0,Tidak diketahui,Tidak Banjir
-7.097603623280203,107.10210808776816,2023-11-01,0,"Ciodeng, West Java",Tidak Banjir
-7.508944292192391,107.22847845722254,2023-11-02,1,"Cikamurang, West Java",Banjir
-7.514814875250592,107.88148370907749,2023-11-03,0,"Cigadog, West Java",Tidak Banjir
-6.316239782053408,106.05113382725744,2023-11-04,1,"Cidahu, Banten",Banjir
-7.69038159030673,106.17858608553362,2023-11-05,0,"Gunungbatu, West Java",Tidak Banjir
-6.837052958452119,107.75249494237096,2023-11-06,1,"Cileunyi, West Java",Banjir
-7.183287567638088,106.695998590228,2023-11-07,1,"Ciseuseupan, West Java",Banjir
-6.723904284129269,107.79284145636234,2023-11-08,0,Tidak diketahui,Tidak Banjir
-6.292929698530517,107.79590850521382,2023-11-09,0,"Pamanukan, West Java",Tidak Banjir
-6.45230688873216,106.24920254811768,2023-11-10,1,"Babakankasilun, Banten",Banjir
-7.233458113952012,106.05741242368435,2023-11-11,1,"Panyaungan Timur, Banten",Banjir
-6.791260880696231,107.92239287541094,2023-11-12,1,Tidak diketahui,Banjir
-6.647188872577514,107.96417260483386,2023-11-13,0,Tidak diketahui,Tidak Banjir
-6.815374099325627,106.88159318406568,2023-11-14,0,"Cicurug, West Java",Tidak Banjir
-6.760522014872958,106.74406413909232,2023-11-15,1,"Cicurug, West Java",Banjir
-6.643195289585929,106.63899289790363,2023-11-16,1,"Ciampea, West Java",Banjir
-7.977401679014416,107.49308103136248,2023-11-17,0,"Bunisari, West Java",Tidak Banjir
-7.162668657211093,107.74492375880132,2023-11-18,1,"Paseh, West Java",Banjir
-6.747337493600446,106.76608240470334,2023-11-19,1,"Cicurug, West Java",Banjir
-7.148429690392628,106.27543715293515,2023-11-20,1,"Cisujen Satu, Banten",Banjir
-6.931705742058469,106.29585281792184,2023-11-21,1,"Warunglame, Banten",Banjir
-7.574855311782446,107.34417549187776,2023-11-22,0,"Kertajadi, West Java",Tidak Banjir
-7.420599101082506,107.38145294054442,2023-11-23,1,"Karangpawitan, West Java",Banjir
-6.546631640265687,107.80074910293902,2023-11-24,0,"Pamanukan, West Java",Tidak Banjir
-7.966827123247707,106.35387116034192,2023-11-25,1,"Cibungur, West Java",Banjir
-6.384868716442478,106.0539269993412,2023-11-26,0,"Pasirawi, Banten",Tidak Banjir
-6.06073410817676,106.2841363431806,2023-11-27,0,"Langgen, Banten",Tidak Banjir
-7.7531994819874495,106.45327953776751,2023-11-28,1,"Cibungur, West Java",Banjir
-6.489456312868897,107.86700890648711,2023-11-29,1,"Pamanukan, West Java",Banjir
-7.423258430482282,107.76998781635046,2023-11-30,1,"Bangbayang, West Java",Banjir
-7.702628828603082,106.57099095959173,2023-12-01,0,"Rancaerang, West Java",Tidak Banjir
-6.512658374259295,106.85464768439036,2023-12-02,0,"Cibinong, West Java",Tidak Banjir
-7.072884495969884,107.7624639660225,2023-12-03,0,"Paseh, West Java",Tidak Banjir
-7.547631565326354,106.13923362324677,2023-12-04,1,"Gunungbatu, West Java",Banjir
-6.849052641260489,106.94523104704662,2023-12-05,1,"Sukabumi, West Java",Banjir
-6.419302029982467,106.3974889982904,2023-12-06,1,"Guradog, Banten",Banjir
-7.673702420502099,106.62828934528451,2023-12-07,1,"Rancaerang, West Java",Banjir
-7.457568091753001,106.17922790336534,2023-12-08,0,"Gunungbatu, West Java",Tidak Banjir
-6.365724798001386,107.8549917014695,2023-12-09,1,"Pamanukan, West Java",Banjir
-6.071344250626883,107.29560938630452,2023-12-10,1,"Rengasdengklok, West Java",Banjir
-6.21913187756176,107.21105378718616,2023-12-11,1,"Cikarang, West Java",Banjir
-6.832157152795767,107.20460556170762,2023-12-12,0,"Ciranjang-hilir, West Java",Tidak Banjir
-7.956379894430039,107.49472077360096,2023-12-13,1,"Bunisari, West Java",Banjir
-6.058605564532594,106.5897053513168,2023-12-14,1,"Sepatan, West Java",Banjir
-6.634312513309044,106.78337875145868,2023-12-15,1,"Bogor, West Java",Banjir
-7.981383822088725,107.10972962761142,2023-12-16,1,"Cikamurang, West Java",Banjir
-7.646431142103102,106.3256356534457,2023-12-17,1,"Simpang, West Java",Banjir
-6.365513741228999,106.94163638967667,2023-12-18,1,"Cileungsir, West Java",Banjir
-7.533950403400282,106.07330043247168,2023-12-19,1,"Gunungbatu, West Java",Banjir
-7.948714268676085,107.98412491577896,2023-12-20,1,"Sindangkerta, West Java",Banjir
-6.577288403920253,106.698307785082,2023-12-21,1,"Ciampea, West Java",Banjir
-7.138529802352105,106.04583360727754,2023-12-22,1,"Panyaungan Timur, Banten",Banjir
-6.208045400211181,107.68634618409074,2023-12-23,0,"Pamanukan, West Java",Tidak Banjir
-7.311583399477422,106.95665176159952,2023-12-24,0,"Cidadap, West Java",Tidak Banjir
-6.888204144017854,107.7137822806996,2023-12-25,1,"Cileunyi, West Java",Banjir
-7.818064345615434,107.32733921768376,2023-12-26,0,"Kertajadi, West Java",Tidak Banjir
-6.517513176288817,106.95452872457656,2023-12-27,1,"Citeureup, West Java",Banjir
-6.666520287756454,106.19390255611096,2023-12-28,1,"Parigi, Banten",Banjir
-6.388006694262843,107.61192398092248,2023-12-29,0,"Cikampek, West Java",Tidak Banjir
-7.25111558426073,106.6405798330324,2023-12-30,1,"Pasirbitung, West Java",Banjir
-7.736231343450735,107.27073739290176,2023-12-31,0,"Cikole, West Java",Tidak Banjir
-7.778601985855493,107.49753481236723,2024-01-01,1,"Gunungsulah, West Java",Banjir
-7.896467625594961,107.037267834269,2024-01-02,1,"Cigarogol, West Java",Banjir
-6.378419668897016,106.37982433675234,2024-01-03,1,"Guradog, Banten",Banjir
-6.094942608052247,106.3298091873998,2024-01-04,1,"Kresek, West Java",Banjir
-6.904057306463095,107.94108892996168,2024-01-05,0,Tidak diketahui,Tidak Banjir
-7.370314750195381,107.52703708117384,2024-01-06,1,"Cinyumput, West Java",Banjir
-6.453527630279623,106.85098784039148,2024-01-07,1,"Cibinong, West Java",Banjir
-7.341233886806909,106.87508751979776,2024-01-08,1,"Hegarmulya, West Java",Banjir
-7.927494473996771,106.4885947511556,2024-01-09,0,"Rancaerang, West Java",Tidak Banjir
-6.67497756060451,106.20776530337454,2024-01-10,0,"Parigi, Banten",Tidak Banjir
-6.238356588883974,107.60729482350504,2024-01-11,1,"Pamanukan, West Java",Banjir
-7.127544855128756,106.42634583676896,2024-01-12,0,"Ciwaru, West Java",Tidak Banjir
-6.055217730308391,106.3124518216854,2024-01-13,1,"Langgen, Banten",Banjir
-6.464581184177445,107.73306759740686,2024-01-14,0,"Pamanukan, West Java",Tidak Banjir
-7.979761087245675,107.37801058893392,2024-01-15,1,"Gunungsulah, West Java",Banjir
-6.050100736725419,107.85054959246266,2024-01-16,0,"Pamanukan, West Java",Tidak Banjir
-7.547266763287365,106.2462907383187,2024-01-17,0,"Gunungbatu, West Java",Tidak Banjir
-7.977630440886028,107.6414542846245,2024-01-18,0,"Ciawi, West Java",Tidak Banjir
-6.983376707621431,107.40770629306486,2024-01-19,1,"Soreang, West Java",Banjir
-6.337293568223767,107.90996454376815,2024-01-20,1,"Pamanukan, West Java",Banjir
-7.937903480055485,107.49046059395452,2024-01-21,0,"Bunisari, West Java",Tidak Banjir
-7.344938081727258,106.30646717630366,2024-01-22,0,"Gunungbatu, West Java",Tidak Banjir
-6.067296276803424,107.4635215033762,2024-01-23,0,"Rengasdengklok, West Java",Tidak Banjir
-7.320057019053089,106.14444023272928,2024-01-24,0,"Gunungbatu, West Java",Tidak Banjir
-7.137621384778238,107.46444247668478,2024-01-25,1,"Banjar, West Java",Banjir
-7.158325511416358,106.49101599138268,2024-01-26,1,"Cigembong, West Java",Banjir
-6.110117269068805,107.22875551357556,2024-01-27,0,"Rengasdengklok, West Java",Tidak Banjir
-6.511852064582721,107.8341681439444,2024-01-28,1,"Pamanukan, West Java",Banjir
-7.91812404475525,107.20602693038867,2024-01-29,0,"Cikole, West Java",Tidak Banjir
-6.892781094256128,107.22382884087314,2024-01-30,0,"Ciranjang-hilir, West Java",Tidak Banjir
-7.059338489736645,107.85776170458136,2024-01-31,1,"Maribaya, West Java",Banjir
-7.336824856455367,106.2322772097044,2024-02-01,1,"Gunungbatu, West Java",Banjir
-7.787191485798615,107.18459456044324,2024-02-02,1,"Cikamurang, West Java",Banjir
-6.292041492287551,106.5885263350283,2024-02-03,0,"Curug, Banten",Tidak Banjir
-6.613260645609571,106.89738641471013,2024-02-04,1,"Bogor, West Java",Banjir
-7.086577473261201,106.20663198078508,2024-02-05,1,"Sindanglaut, Banten",Banjir
-7.6969741992024625,107.13233133186696,2024-02-06,1,"Cigarogol, West Java",Banjir
-7.307969057335015,107.76252517822908,2024-02-07,1,"Ciwaru, West Java",Banjir
-7.821491481555625,107.15148379397496,2024-02-08,1,"Cikamurang, West Java",Banjir
-7.233382713149885,107.41183410525149,2024-02-09,0,"Banjar, West Java",Tidak Banjir
-6.587677041744129,106.06637239753428,2024-02-10,0,"Gunungkencana, Banten",Tidak Banjir
-7.899767763018902,107.67321757440703,2024-02-11,1,"Ciawi, West Java",Banjir
-6.960513146344697,106.69123144736128,2024-02-12,0,"Sindangsari, West Java",Tidak Banjir
-6.865922143096246,106.04997989257129,2024-02-13,0,"Citaritih, Banten",Tidak Banjir
-7.056568730571483,107.13466113023064,2024-02-14,1,"Campaka, West Java",Banjir
-6.591317938946263,106.10643954643815,2024-02-15,1,"Cihaladan, Banten",Banjir
-7.450655393807088,107.57290868434788,2024-02-16,0,"Cikuya, West Java",Tidak Banjir
-7.962028523842518,106.46457800993718,2024-02-17,0,"Cibungur, West Java",Tidak Banjir
-7.724409427564654,107.13531242946723,2024-02-18,1,"Cigarogol, West Java",Banjir
-6.070904265430011,107.71039666941992,2024-02-19,1,"Pamanukan, West Java",Banjir
-7.357568033012942,107.4013936845714,2024-02-20,0,"Puncakbaru, West Java",Tidak Banjir
-6.092979595805724,107.9064146821649,2024-02-21,0,"Pamanukan, West Java",Tidak Banjir
-6.459523026693227,107.4335045600997,2024-02-22,0,"Cikampek, West Java",Tidak Banjir
-6.6695396135131375,107.66520863546788,2024-02-23,0,"Lembang, West Java",Tidak Banjir
-6.404369243876074,106.28410984768551,2024-02-24,1,"Rangkasbitung, Banten",Banjir
-6.98257531014528,106.39250724784996,2024-02-25,1,"Bantarjati, Banten",Banjir
-7.116701696645343,106.11128938980352,2024-02-26,1,"Panyaungan Timur, Banten",Banjir
-6.958233050547755,106.15910573167646,2024-02-27,1,"Panyaungan Timur, Banten",Banjir
-6.192800634378619,106.39387296718252,2024-02-28,0,"Kresek, West Java",Tidak Banjir
-6.665882740208374,106.50933441891004,2024-02-29,1,"Cipeundeuy, West Java",Banjir
-7.131856769090863,107.83896426284709,2024-03-01,0,"Ciharus, West Java",Tidak Banjir
-6.29410004292318,106.08108365159303,2024-03-02,0,"Campraksanta, Banten",Tidak Banjir
-6.049330851006015,106.84287217733524,2024-03-03,0,"Jakarta, Jakarta Raya",Tidak Banjir
-7.289970753824303,106.70254356968476,2024-03-04,0,"Cigadung, West Java",Tidak Banjir
-7.867339390783705,106.40687767467094,2024-03-05,0,"Cibungur, West Java",Tidak Banjir
-7.341662822501738,106.33110621944286,2024-03-06,1,"Gunungbatu, West Java",Banjir
-6.005376106825118,107.36494428189296,2024-03-07,0,"Rengasdengklok, West Java",Tidak Banjir
-7.663519451659581,106.98169795339878,2024-03-08,0,"Sukadami, West Java",Tidak Banjir
-6.243967537354032,107.15997171987196,2024-03-09,1,"Cikarang, West Java",Banjir
-7.252255468135306,107.66339080900194,2024-03-10,0,"Negla, West Java",Tidak Banjir
-7.827070668788186,107.9643226158095,2024-03-11,0,"Ciheras, West Java",Tidak Banjir
-7.517581310988006,106.88538473005184,2024-03-12,0,"Sinarharapan, West Java",Tidak Banjir
-7.431195020946887,107.0776691389531,2024-03-13,0,"Sukarame, West Java",Tidak Banjir
-6.015572171091254,107.53833660885938,2024-03-14,1,"Rengasdengklok, West Java",Banjir
-7.028897968033947,106.41184232969196,2024-03-15,0,"Bantarjati, Banten",Tidak Banjir
-6.852130837077825,107.60867862257334,2024-03-16,0,"Lembang, West Java",Tidak Banjir
-7.144518346607246,107.72989606212,2024-03-17,0,"Paseh, West Java",Tidak Banjir
-7.232282513623131,107.38490269387697,2024-03-18,0,"Balegede, West Java",Tidak Banjir
-7.711306643761421,107.10249632016112,2024-03-19,1,"Cigarogol, West Java",Banjir
-6.543779330882902,107.87290151581875,2024-03-20,1,"Pamanukan, West Java",Banjir
-7.832507138180674,106.30388216934404,2024-03-21,0,"Simpang, West Java",Tidak Banjir
-7.183667357528119,106.61429095691511,2024-03-22,1,"Galumpit, West Java",Banjir
-6.167469421760769,107.91335072227808,2024-03-23,1,"Pamanukan, West Java",Banjir
-6.205645963644327,106.3635837075614,2024-03-24,1,"Kresek, West Java",Banjir
-7.033054550254502,106.94729286170602,2024-03-25,0,"Nyalindung, West Java",Tidak Banjir
-6.476828153585859,106.40061968738506,2024-03-26,1,"Guradog, Banten",Banjir
-7.498375359970323,106.59788692557343,2024-03-27,1,"Mekarjaya Satu, West Java",Banjir
-6.395459998950452,107.00112005716656,2024-03-28,1,"Cileungsir, West Java",Banjir
-6.392129337274628,107.76907550473254,2024-03-29,1,"Pamanukan, West Java",Banjir
-6.444015849469774,107.39185342020866,2024-03-30,0,"Cikampek, West Java",Tidak Banjir
-6.002087644536255,107.85664468197218,2024-03-31,1,"Pamanukan, West Java",Banjir
-6.07456131162165,107.53235328666156,2024-04-01,0,"Rengasdengklok, West Java",Tidak Banjir
-6.234171824845001,106.7799477169249,2024-04-02,1,"Jakarta, Jakarta Raya",Banjir
-6.251045857089239,106.60757687778232,2024-04-03,1,"Curug, Banten",Banjir
-7.412533539876346,107.57871387461984,2024-04-04,1,"Cibeureum, West Java",Banjir
-6.116932466029232,106.86316049909334,2024-04-05,0,"Jakarta, Jakarta Raya",Tidak Banjir
-7.836566568253923,107.93466118960647,2024-04-06,0,"Ciheras, West Java",Tidak Banjir
-7.656396965173382,107.23558578405444,2024-04-07,1,"Cikamurang, West Java",Banjir
-7.244452769661466,106.06242157653548,2024-04-08,1,"Sindanglaut, Banten",Banjir
-7.412413965019775,107.22704378830788,2024-04-09,0,"Cimalati, West Java",Tidak Banjir
-6.986948319246999,107.9763583687624,2024-04-10,0,"Peujeuh, West Java",Tidak Banjir
-6.514245818952396,106.19437069682776,2024-04-11,0,"Jati, Banten",Tidak Banjir
-7.43612716350122,107.79087814827422,2024-04-12,1,"Potongan, West Java",Banjir
-7.029717411026496,106.47503616344056,2024-04-13,0,"Karangpapak, West Java",Tidak Banjir
-6.462046563826354,107.42552218082608,2024-04-14,0,"Cikampek, West Java",Tidak Banjir
-7.032870101959965,106.02366002628553,2024-04-15,1,"Panyaungan Timur, Banten",Banjir
-7.111001957082362,106.14538831746508,2024-04-16,0,"Sindanglaut, Banten",Tidak Banjir
-7.148848020434553,106.15350607453772,2024-04-17,1,"Sindanglaut, Banten",Banjir
-6.981666880466254,107.28672507560675,2024-04-18,0,"Nagrog, West Java",Tidak Banjir
-6.571491876696978,106.8998550518957,2024-04-19,1,"Citeureup, West Java",Banjir
-6.685149638380305,107.76324632335717,2024-04-20,0,"Lembang, West Java",Tidak Banjir
-6.186562760866465,107.02389893731238,2024-04-21,1,"Bekasi, West Java",Banjir
-7.119959105958826,107.2836283632892,2024-04-22,0,"Ciherang, West Java",Tidak Banjir
-7.174788071884104,106.39120018986809,2024-04-23,1,"Ciwaru, West Java",Banjir
-6.795062733160269,106.11448787948667,2024-04-24,0,"Cigaber, Banten",Tidak Banjir
-7.569378226702781,107.42826949839854,2024-04-25,0,"Rancabuaya, West Java",Tidak Banjir
-6.2804106172414125,107.79687356231152,2024-04-26,1,"Pamanukan, West Java",Banjir
-7.812845458672153,106.3248610858268,2024-04-27,1,"Simpang, West Java",Banjir
-7.357629484512827,106.03353978283276,2024-04-28,0,"Gunungbatu, West Java",Tidak Banjir
-6.340683381404062,106.34013187640711,2024-04-29,0,"Rangkasbitung, Banten",Tidak Banjir
-7.372217434688159,107.7875202137172,2024-04-30,0,"Simpang, West Java",Tidak Banjir
-6.330561624204753,106.20463036267336,2024-05-01,0,"Rangkasbitung, Banten",Tidak Banjir
-7.742582142274893,107.51609467631404,2024-05-02,0,"Gunungsulah, West Java",Tidak Banjir
-6.850319371848145,106.41204054770076,2024-05-03,0,"Cinangka, Banten",Tidak Banjir
-6.979517278938647,106.40765591662311,2024-05-04,1,"Bantarjati, Banten",Banjir
-6.38182359180105,107.85886458682636,2024-05-05,1,"Pamanukan, West Java",Banjir
-6.119300114742178,106.77157965245608,2024-05-06,0,"Jakarta, Jakarta Raya",Tidak Banjir
-7.445677288173615,106.0366773447582,2024-05-07,1,"Gunungbatu, West Java",Banjir
-6.845148488274267,106.64512156068606,2024-05-08,1,"Sindangsari, West Java",Banjir
-7.559396918673294,106.32917283211582,2024-05-09,0,"Gunungbatu, West Java",Tidak Banjir
-6.0395512232555575,107.9845556990156,2024-05-10,0,"Pamanukan, West Java",Tidak Banjir
-7.279471123029574,107.24245168684388,2024-05-11,1,"Babakan, West Java",Banjir
-7.09705077531945,106.7661675668409,2024-05-12,0,"Bojongjengkol, West Java",Tidak Banjir
-6.344813261383846,106.70817697790169,2024-05-13,1,"Pamulang, West Java",Banjir
-6.516522137399652,107.858871952435,2024-05-14,0,"Pamanukan, West Java",Tidak Banjir
-6.002104269872598,107.6133675756012,2024-05-15,0,"Pamanukan, West Java",Tidak Banjir
-7.350087985641903,107.31870187697872,2024-05-16,1,"Malati, West Java",Banjir
-7.250759422808337,107.30924240110468,2024-05-17,1,"Singkup, West Java",Banjir
-6.666625937235176,107.629864131557,2024-05-18,0,"Lembang, West Java",Tidak Banjir
-7.944565954167586,106.62283909165993,2024-05-19,0,"Rancaerang, West Java",Tidak Banjir
-6.399386309077405,106.09159915002178,2024-05-20,0,"Kadungabaris, Banten",Tidak Banjir
-6.637156519878578,107.96727007003634,2024-05-21,1,Tidak diketahui,Banjir
-7.996510318923514,107.3629482707688,2024-05-22,1,"Gunungsulah, West Java",Banjir
-7.867181843287508,107.26932481268568,2024-05-23,1,"Cikole, West Java",Banjir
-6.349833572949501,107.37492846479029,2024-05-24,1,"Cikampek, West Java",Banjir
-7.803314772306916,106.46941325317994,2024-05-25,1,"Cibungur, West Java",Banjir
-6.564645749351982,106.89009524707792,2024-05-26,0,"Citeureup, West Java",Tidak Banjir
-6.294291386369089,106.65990670470516,2024-05-27,1,"Serpong, West Java",Banjir
-7.326912261458205,106.49273037107707,2024-05-28,0,"Citeureup, West Java",Tidak Banjir
-7.71403732600969,107.51102609009298,2024-05-29,0,"Cijayana, West Java",Tidak Banjir
-7.022818479998096,106.6563756321139,2024-05-30,1,"Ciwaru, West Java",Banjir
-6.968031992662187,106.273658900754,2024-05-31,1,"Sindanglaut, Banten",Banjir
-6.445938501645039,107.2085095835126,2024-06-01,1,"Cikarang, West Java",Banjir
-7.678001913481746,106.42034716941652,2024-06-02,0,"Cibungur, West Java",Tidak Banjir
-6.236857746116222,107.64362851958344,2024-06-03,1,"Pamanukan, West Java",Banjir
-6.072618007214722,107.64354399379104,2024-06-04,0,"Pamanukan, West Java",Tidak Banjir
-6.707924424585171,106.16489366692616,2024-06-05,1,"Cigemlong, Banten",Banjir
-6.759510025692093,107.10104193423103,2024-06-06,1,"Ciranjang-hilir, West Java",Banjir
-7.052912861570668,107.92239535094436,2024-06-07,1,"Talun, West Java",Banjir
-6.31139613890192,107.23872628935057,2024-06-08,0,"Cikarang, West Java",Tidak Banjir
-7.783353137792446,107.95697852617566,2024-06-09,1,"Ciheras, West Java",Banjir
-7.38333467982152,107.49098971266002,2024-06-10,1,"Cisewu, West Java",Banjir
-7.205592661159869,107.48801247731416,2024-06-11,1,"Banjar, West Java",Banjir
-7.07075633361882,106.59216055858316,2024-06-12,1,"Cigaru, West Java",Banjir
-6.653783862045802,107.16974961743291,2024-06-13,0,"Ciranjang-hilir, West Java",Tidak Banjir
-7.109937611542856,107.7027217268828,2024-06-14,1,"Paseh, West Java",Banjir
-7.223039612642782,106.06828299884326,2024-06-15,1,"Panyaungan Timur, Banten",Banjir
-6.680540411562818,107.08483686329336,2024-06-16,1,"Ciranjang-hilir, West Java",Banjir
-6.816249422239353,107.89561838028864,2024-06-17,1,Tidak diketahui,Banjir
-7.0192140575916255,107.79606420911664,2024-06-18,0,"Margabakti, West Java",Tidak Banjir
-7.539705160224357,106.80897284271413,2024-06-19,0,"Sinarharapan, West Java",Tidak Banjir
-7.35156538967817,107.0417687002844,2024-06-20,0,"Sukasirna, West Java",Tidak Banjir
-7.794439022333,107.33681209791456,2024-06-21,1,"Kertajadi, West Java",Banjir
-7.845789718437967,106.4033240107434,2024-06-22,1,"Cibungur, West Java",Banjir
-7.7163208700334,106.63212530153216,2024-06-23,0,"Rancaerang, West Java",Tidak Banjir
-7.95737132456625,107.04139036584564,2024-06-24,1,"Cigarogol, West Java",Banjir
-6.500586937431141,107.06243298223863,2024-06-25,1,"Cileungsir, West Java",Banjir
-7.120095010906353,107.95511485268054,2024-06-26,0,"Sikluk, West Java",Tidak Banjir
-7.571509474018648,107.92774378161842,2024-06-27,0,"Pasirirnem, West Java",Tidak Banjir
-6.701171431181114,106.88389741012035,2024-06-28,1,"Caringin, West Java",Banjir
-7.205051077121264,106.58908242766276,2024-06-29,0,"Pasirdalem, West Java",Tidak Banjir
-7.6534803747880735,106.39555757308877,2024-06-30,0,"Cibungur, West Java",Tidak Banjir
-6.982949537410137,106.18359683343584,2024-07-01,0,"Cisiih, Banten",Tidak Banjir
-7.123413903117996,106.38678324650478,2024-07-02,0,"Ciwaru, West Java",Tidak Banjir
-7.556483282013523,107.51386499433129,2024-07-03,0,"Cijaringao, West Java",Tidak Banjir
-6.507613865361742,106.43759400803084,2024-07-04,1,"Lebakhuni, West Java",Banjir
-7.146828010907949,106.7710854164566,2024-07-05,1,"Pamoyanan, West Java",Banjir
-7.844888821430553,107.429397804978,2024-07-06,0,"Cijayana, West Java",Tidak Banjir
-6.493385470265247,106.93305742555587,2024-07-07,0,"Citeureup, West Java",Tidak Banjir
-7.9225019504468195,106.13854015674598,2024-07-08,1,"Gunungbatu, West Java",Banjir
-6.160695967081149,107.52325080735186,2024-07-09,1,"Rengasdengklok, West Java",Banjir
-7.253735513421901,107.31309271493318,2024-07-10,0,"Singkup, West Java",Tidak Banjir
-7.939545507035777,107.6386246666838,2024-07-11,0,"Bunisari, West Java",Tidak Banjir
-7.319757537593622,106.30334563297755,2024-07-12,1,"Gunungbatu, West Java",Banjir
-7.308279140007271,106.83445750042428,2024-07-13,1,"Cileutik, West Java",Banjir
-7.462683548656526,106.0239972997596,2024-07-14,1,"Gunungbatu, West Java",Banjir
-7.434923999545074,107.68229059635064,2024-07-15,0,"Halimpu, West Java",Tidak Banjir
-7.602468518358188,107.11335078796397,2024-07-16,1,"Sindangbarang, West Java",Banjir
-6.550665546024076,107.06926633499214,2024-07-17,0,"Cileungsir, West Java",Tidak Banjir
-6.330773299937436,106.36614679317766,2024-07-18,1,"Rangkasbitung, Banten",Banjir
-6.866547242720928,106.54790946948532,2024-07-19,1,"Nagrak, West Java",Banjir
-7.832280661910145,106.93213516880748,2024-07-20,0,"Sukadami, West Java",Tidak Banjir
-7.747998751863853,106.52792551652271,2024-07-21,1,"Cibungur, West Java",Banjir
-7.987080149124771,106.2917884403759,2024-07-22,0,"Cibungur, West Java",Tidak Banjir
-7.269101362640787,106.09791040693602,2024-07-23,1,"Gunungbatu, West Java",Banjir
-6.562775148965589,106.6493447286451,2024-07-24,1,"Ciampea, West Java",Banjir
-6.3235308841089966,107.32162776206722,2024-07-25,0,"Cikampek, West Java",Tidak Banjir
-6.4267457797587,106.09785323154192,2024-07-26,0,"Kadusimbar, Banten",Tidak Banjir
-6.885439923275219,107.5011173667504,2024-07-27,1,"Cimahi, West Java",Banjir
-7.729042151237233,107.40488773796264,2024-07-28,0,"Rancabuaya, West Java",Tidak Banjir
-6.157714934444094,107.18939551575686,2024-07-29,1,"Rengasdengklok, West Java",Banjir
-6.396002256499189,107.14281510653429,2024-07-30,1,"Cikarang, West Java",Banjir
-6.562568474918599,106.53581964504656,2024-07-31,0,"Kompa Satu, West Java",Tidak Banjir
-6.750153317298998,106.0289636388892,2024-08-01,1,"Kadujajar, Banten",Banjir
-7.684877099019816,106.5626240983354,2024-08-02,1,"Rancaerang, West Java",Banjir
-6.70012594704352,106.9465361127726,2024-08-03,0,"Caringin, West Java",Tidak Banjir
-7.794588850256133,107.37806667458052,2024-08-04,0,"Rancabuaya, West Java",Tidak Banjir
-7.998842035051673,107.53464739980711,2024-08-05,1,"Bunisari, West Java",Banjir
-6.844416049868643,107.40136652860946,2024-08-06,1,"Padalarang, West Java",Banjir
-6.468192586316611,106.9534346474063,2024-08-07,0,"Citeureup, West Java",Tidak Banjir
-6.236791333304122,106.67855961991044,2024-08-08,1,"Ciputat, West Java",Banjir
-6.647900949813441,106.76189060904665,2024-08-09,1,"Bogor, West Java",Banjir
-6.342342631891437,106.7752356494038,2024-08-10,0,"Pamulang, West Java",Tidak Banjir
-7.2590744252659825,107.45572747841062,2024-08-11,0,"Sawahlegok, West Java",Tidak Banjir
-7.786864794812162,106.98555544211676,2024-08-12,0,"Sukadami, West Java",Tidak Banjir
-6.569020811397511,107.34892788487872,2024-08-13,0,"Purwakarta, West Java",Tidak Banjir
-7.823908339386523,107.2750577048344,2024-08-14,0,"Cikole, West Java",Tidak Banjir
-7.5199579671419645,107.89556695775146,2024-08-15,0,"Cibeureum, West Java",Tidak Banjir
-6.670845257997865,107.28365352025668,2024-08-16,1,"Ciranjang-hilir, West Java",Banjir
-7.580465291019867,106.51857845217626,2024-08-17,0,"Cibungur, West Java",Tidak Banjir
-7.5394898326060975,107.5264332924608,2024-08-18,0,"Cijaringao, West Java",Tidak Banjir
-6.221037363320192,107.1991048406315,2024-08-19,1,"Cikarang, West Java",Banjir
-7.1206815938893016,106.75914282752326,2024-08-20,0,"Bojonghaur, West Java",Tidak Banjir
-6.72760450501338,106.00085044575904,2024-08-21,0,"Gintung Utara, Banten",Tidak Banjir
-6.566280779438582,107.32809389894526,2024-08-22,1,"Purwakarta, West Java",Banjir
-6.434446789073516,107.32434638879016,2024-08-23,1,"Cikampek, West Java",Banjir
-7.757041918388284,107.98970020726722,2024-08-24,0,"Ciandum, West Java",Tidak Banjir
-7.186848997486889,106.7867819288451,2024-08-25,1,"Sirnasari, West Java",Banjir
-6.221689588578225,107.41874201039762,2024-08-26,0,"Rengasdengklok, West Java",Tidak Banjir
-6.03553411232875,107.83726819987956,2024-08-27,0,"Pamanukan, West Java",Tidak Banjir
-7.657082716156946,107.05580445255936,2024-08-28,0,"Mekarsari, West Java",Tidak Banjir
-7.862361166579921,107.49672125927547,2024-08-29,1,"Gunungsulah, West Java",Banjir
-6.113207746390762,107.52357324733372,2024-08-30,0,"Rengasdengklok, West Java",Tidak Banjir
-7.767374210619927,107.07527097756318,2024-08-31,1,"Cigarogol, West Java",Banjir
-7.61249365666543,107.57569907394968,2024-09-01,1,"Karangsari, West Java",Banjir
-7.471368021610663,106.24680492089644,2024-09-02,0,"Gunungbatu, West Java",Tidak Banjir
-6.7262197337514325,106.31084524227822,2024-09-03,1,"Babakannagamukti, Banten",Banjir
-6.870161097392769,107.08198906451916,2024-09-04,0,"Cibeber, West Java",Tidak Banjir
-6.412352012096147,106.85895498466326,2024-09-05,1,"Depok, West Java",Banjir
-7.888109108518966,106.62240283865376,2024-09-06,1,"Rancaerang, West Java",Banjir
-6.174237070755314,107.58215794257062,2024-09-07,1,"Pamanukan, West Java",Banjir
-7.180594637076958,106.03142719975732,2024-09-08,0,"Panyaungan Timur, Banten",Tidak Banjir
-7.811771309586899,107.57073651832243,2024-09-09,0,"Bunisari, West Java",Tidak Banjir
-6.747875664260609,106.545960974489,2024-09-10,1,"Kubang, Banten",Banjir
-7.077772761448273,107.06725768969658,2024-09-11,1,"Babakanlapang, West Java",Banjir
-6.120071024476896,106.18503366094347,2024-09-12,1,"Serang, Banten",Banjir
-6.847335794038333,106.51088159464356,2024-09-13,1,"Sirnaresmi, West Java",Banjir
-6.20622123523008,106.49995187316148,2024-09-14,1,"Cikupa, West Java",Banjir
-6.823816905760144,107.2551327366934,2024-09-15,0,"Ciranjang-hilir, West Java",Tidak Banjir
-6.183491332277613,107.44515613376598,2024-09-16,0,"Rengasdengklok, West Java",Tidak Banjir
-7.291451259123548,107.30967967760232,2024-09-17,1,"Pancalan, West Java",Banjir
-7.306899432787848,107.48034188626004,2024-09-18,1,"Selaawi, West Java",Banjir
-7.046460789586344,106.43799243516372,2024-09-19,1,"Bantarjati, Banten",Banjir
-7.60333673799342,106.63479941757768,2024-09-20,0,"Rancaerang, West Java",Tidak Banjir
-6.582281360518298,107.82380003250556,2024-09-21,1,Tidak diketahui,Banjir
-7.826905012495233,107.11767679162016,2024-09-22,0,"Cigarogol, West Java",Tidak Banjir
-7.799097003175696,107.13197574199204,2024-09-23,0,"Cigarogol, West Java",Tidak Banjir
-7.3996912992610016,106.353524554493,2024-09-24,0,"Gunungbatu, West Java",Tidak Banjir
-7.400444498421796,106.2758554513352,2024-09-25,1,"Gunungbatu, West Java",Banjir
-7.8956258316291645,107.05923695534804,2024-09-26,1,"Cigarogol, West Java",Banjir
-7.245814361095456,106.04823897475642,2024-09-27,1,"Panyaungan Timur, Banten",Banjir
-7.754119764377274,107.79512289495072,2024-09-28,0,"Cibaregbeg, West Java",Tidak Banjir
-6.789365829945694,107.01631004568333,2024-09-29,1,"Sukabumi, West Java",Banjir
-6.573942321065629,107.84499032138083,2024-09-30,1,Tidak diketahui,Banjir
-7.487480165191958,107.30645345764528,2024-10-01,1,"Cikole, West Java",Banjir
-6.208439676327702,106.99226461957416,2024-10-02,0,"Bekasi, West Java",Tidak Banjir
-7.026946373541746,106.97009961088888,2024-10-03,0,"Legok, West Java",Tidak Banjir
-7.281678865838095,107.75770916301128,2024-10-04,0,"Amerta, West Java",Tidak Banjir
-6.8282750245711705,107.61041339537913,2024-10-05,1,"Lembang, West Java",Banjir
-6.68424115649551,107.16039705624723,2024-10-06,0,"Ciranjang-hilir, West Java",Tidak Banjir
-6.760127602580173,106.40850051849095,2024-10-07,1,"Kujangsari, Banten",Banjir
-6.867095405877184,106.2886117241727,2024-10-08,1,"Cipalasari, Banten",Banjir
-6.093054110667249,107.16340956241557,2024-10-09,1,"Rengasdengklok, West Java",Banjir
-7.922647005319272,107.1167497134289,2024-10-10,1,"Cikamurang, West Java",Banjir
-6.008804618266163,107.51740145208078,2024-10-11,1,"Rengasdengklok, West Java",Banjir
-7.473946164158471,107.54332073429612,2024-10-12,0,"Cikalaces, West Java",Tidak Banjir
-6.352041208214152,106.0919305049266,2024-10-13,1,"Gunungputri, Banten",Banjir
-7.259960546460886,106.71125983766804,2024-10-14,0,"Kalibunder, West Java",Tidak Banjir
-6.488603682182377,107.72819891331736,2024-10-15,0,"Pamanukan, West Java",Tidak Banjir
-7.0353416908078685,107.31373700219876,2024-10-16,0,"Nagrog, West Java",Tidak Banjir
-6.199809939246747,107.529383735878,2024-10-17,0,"Cikampek, West Java",Tidak Banjir
-7.00796427027991,106.9391619881634,2024-10-18,0,"Legok, West Java",Tidak Banjir
-7.707900235272381,106.6085189263714,2024-10-19,1,"Rancaerang, West Java",Banjir
-7.545646878240603,107.45144410224452,2024-10-20,0,"Rancabuaya, West Java",Tidak Banjir
-6.656385807401019,106.5327074423397,2024-10-21,1,"Cipeundeuy, West Java",Banjir
-6.832607876595167,107.29130582828356,2024-10-22,0,"Ciranjang-hilir, West Java",Tidak Banjir
-6.224051158932364,106.72065500101225,2024-10-23,0,"Ciputat, West Java",Tidak Banjir
-7.9532139796020385,107.78300942736966,2024-10-24,0,"Cibaregbeg, West Java",Tidak Banjir
-7.756406618805384,107.69975217554796,2024-10-25,1,"Bunisari, West Java",Banjir
-6.017307395125028,107.19837816792378,2024-10-26,0,"Rengasdengklok, West Java",Tidak Banjir
-6.909837817218933,107.1067865192509,2024-10-27,1,"Cibeber, West Java",Banjir
-7.762693794788445,107.8743349002578,2024-10-28,1,"Cibalieur, West Java",Banjir
-6.484718021569128,106.0290303856972,2024-10-29,0,"Parag, Banten",Tidak Banjir
-7.1937200185798655,107.51619155218378,2024-10-30,0,"Banjar, West Java",Tidak Banjir
-6.005178896208024,106.60126720308668,2024-10-31,1,"Teluknaga, West Java",Banjir
-6.9941682139193055,107.5287732378109,2024-11-01,1,"Soreang, West Java",Banjir
-6.743541446785116,106.80364509285292,2024-11-02,1,"Caringin, West Java",Banjir
-6.600709611517186,106.10096638697692,2024-11-03,1,"Lebakmasjid, Banten",Banjir
-6.523974387026604,106.59615379238306,2024-11-04,1,"Kadaka, West Java",Banjir
-7.747168167392814,107.04829157852907,2024-11-05,0,"Mekarsari, West Java",Tidak Banjir
-7.737923759167748,107.27764900777404,2024-11-06,1,"Cikole, West Java",Banjir
-7.668557680589516,106.6483326367323,2024-11-07,0,"Rancaerang, West Java",Tidak Banjir
-7.895040478277679,106.37546083266496,2024-11-08,1,"Cibungur, West Java",Banjir
-6.147560587871794,106.10314628056872,2024-11-09,0,"Padukan, Banten",Tidak Banjir
-7.465441227122935,106.13569536815588,2024-11-10,0,"Gunungbatu, West Java",Tidak Banjir
-6.894415803387016,106.15585753479492,2024-11-11,1,"Panyaungan Timur, Banten",Banjir
-6.825163148638346,107.59140215743626,2024-11-12,0,"Lembang, West Java",Tidak Banjir
-6.914159034841101,106.9110910022216,2024-11-13,0,"Sukabumi, West Java",Tidak Banjir
-6.011312106480869,106.9346549959253,2024-11-14,1,"Jakarta, Jakarta Raya",Banjir
-7.647907355276239,107.94899755977556,2024-11-15,1,"Cirangkong, West Java",Banjir
-6.271845159047636,107.94682968254098,2024-11-16,0,"Pamanukan, West Java",Tidak Banjir
-7.728472602953357,107.06107835748456,2024-11-17,1,"Mekarsari, West Java",Banjir
-7.378582759601542,107.30826579583125,2024-11-18,1,"Malati, West Java",Banjir
-7.153790060570744,107.42549693542604,2024-11-19,0,"Banjar, West Java",Tidak Banjir
-6.612092926089471,107.46974488976431,2024-11-20,1,"Purwakarta, West Java",Banjir
-7.4343085419178845,106.47024922958434,2024-11-21,0,"Cibungur, West Java",Tidak Banjir
-7.340352708531305,106.70786543574572,2024-11-22,0,"Cikupa, West Java",Tidak Banjir
-6.485768663560256,106.34002910458236,2024-11-23,0,"Sumandang, Banten",Tidak Banjir
-7.560591784204376,107.1300851340617,2024-11-24,1,"Sindangbarang, West Java",Banjir
-6.33513590340765,106.52545601096632,2024-11-25,0,"Curug, Banten",Tidak Banjir
-7.680359228008383,106.76908164757188,2024-11-26,0,"Tegalbuleud, West Java",Tidak Banjir
-6.997953254563425,107.21613561983064,2024-11-27,1,"Nagrog, West Java",Banjir
-7.842659101871438,107.51553872066054,2024-11-28,0,"Gunungsulah, West Java",Tidak Banjir
-7.97731310024697,107.04459460438616,2024-11-29,0,"Cigarogol, West Java",Tidak Banjir
-6.090708520818822,107.76306669968582,2024-11-30,1,"Pamanukan, West Java",Banjir
-6.233431616872753,106.7906785467746,2024-12-01,0,"Jakarta, Jakarta Raya",Tidak Banjir
-7.644037171988646,106.47307676691234,2024-12-02,1,"Cibungur, West Java",Banjir
-6.236949996220256,107.36820230802986,2024-12-03,0,"Rengasdengklok, West Java",Tidak Banjir
-6.318680491706403,106.50092095657652,2024-12-04,0,"Curug, Banten",Tidak Banjir
-7.7049773802321395,106.57607225319342,2024-12-05,0,"Rancaerang, West Java",Tidak Banjir
-7.001143036197261,107.495962206419,2024-12-06,1,"Soreang, West Java",Banjir
-6.397412596922668,106.1016050804062,2024-12-07,0,"Cikeper, Banten",Tidak Banjir
-7.551967557419719,106.03299410614363,2024-12-08,1,"Gunungbatu, West Java",Banjir
-7.990664140812466,106.74403676346684,2024-12-09,1,"Tegalbuleud, West Java",Banjir
-7.40592534071421,106.51454665600362,2024-12-10,0,"Cibungur, West Java",Tidak Banjir
-7.279191870297613,106.14577833954476,2024-12-11,0,"Gunungbatu, West Java",Tidak Banjir
-6.244803501407104,107.39964544417138,2024-12-12,0,"Rengasdengklok, West Java",Tidak Banjir
-6.000017157315434,106.30121287336117,2024-12-13,1,"Langgen, Banten",Banjir
-6.7614960512931335,106.0834932755081,2024-12-14,0,"Ciapus, Banten",Tidak Banjir
-7.934971580229996,107.32496147009748,2024-12-15,0,"Rancabuaya, West Java",Tidak Banjir
-7.677773862335804,107.02926937625836,2024-12-16,1,"Mekarsari, West Java",Banjir
-7.994594401624671,106.79455458406504,2024-12-17,1,"Sinarharapan, West Java",Banjir
-7.556612960155716,106.69612673036858,2024-12-18,1,"Rancaerang, West Java",Banjir
-6.749543698812768,106.56576327787408,2024-12-19,0,"Kubang, Banten",Tidak Banjir
-6.870807869988626,106.93448401052127,2024-12-20,1,"Sukabumi, West Java",Banjir
-6.009872137414068,106.39339965361924,2024-12-21,1,"Langgen, Banten",Banjir
-7.007652792649801,106.15441776105848,2024-12-22,0,"Panyaungan Timur, Banten",Tidak Banjir
-7.572563476743161,106.7173720216404,2024-12-23,1,"Tegalbuleud, West Java",Banjir
-6.008718423884192,107.1279279254045,2024-12-24,1,"Rengasdengklok, West Java",Banjir
-7.934726754831871,106.44778840278396,2024-12-25,0,"Cibungur, West Java",Tidak Banjir
-6.3395910560295246,107.48614135229928,2024-12-26,1,"Cikampek, West Java",Banjir
-7.396756965454694,107.29483966781196,2024-12-27,1,"Gunungbatu, West Java",Banjir
-7.5148476545447185,107.12859784710749,2024-12-28,0,"Sindangbarang, West Java",Tidak Banjir
-7.144757626030411,106.94492234573303,2024-12-29,1,"Sukamaju, West Java",Banjir
-7.615337679504392,106.57830643609547,2024-12-30,0,"Mekarjaya Satu, West Java",Tidak Banjir
-7.018183897933023,106.10211576670092,2024-12-31,1,"Panyaungan Timur, Banten",Banjir
-6.588939555004801,107.30993371952862,2025-01-01,0,"Purwakarta, West Java",Tidak Banjir
-6.046430141187319,107.51617605500005,2025-01-02,1,"Rengasdengklok, West Java",Banjir
-7.467644673961034,107.62616364469204,2025-01-03,0,"Pamungguan, West Java",Tidak Banjir
-6.718126569437456,107.8437279241812,2025-01-04,0,Tidak diketahui,Tidak Banjir
-6.231081810143077,106.89086031756106,2025-01-05,0,"Jakarta, Jakarta Raya",Tidak Banjir
-7.048803905349945,106.7408691506502,2025-01-06,0,"Puncakdago, West Java",Tidak Banjir
-7.225939051554914,107.7240316721219,2025-01-07,0,"Pangauban, West Java",Tidak Banjir
-7.114301149051143,106.30840584075102,2025-01-08,1,"Cisujen Satu, Banten",Banjir
-6.768071630683577,106.38140067857005,2025-01-09,1,"Ciusul, Banten",Banjir
-7.264968486806479,106.650650219215,2025-01-10,1,"Pasirangin Tiga, West Java",Banjir
-7.703867057628161,106.56856589374098,2025-01-11,1,"Rancaerang, West Java",Banjir
-6.73486254756292,107.20366795643164,2025-01-12,0,"Ciranjang-hilir, West Java",Tidak Banjir
-6.246263204536117,107.86886452693166,2025-01-13,0,"Pamanukan, West Java",Tidak Banjir
-7.725235428338783,106.40249323472018,2025-01-14,1,"Cibungur, West Java",Banjir
-6.622242772613866,107.03277186375809,2025-01-15,0,"Citeureup, West Java",Tidak Banjir
-7.663929682327517,107.85298434734916,2025-01-16,1,"Karees, West Java",Banjir
-6.354915124150919,106.68039038959056,2025-01-17,0,"Serpong, West Java",Tidak Banjir
-7.750538521714317,107.60440359897312,2025-01-18,0,"Bunisari, West Java",Tidak Banjir
-7.16735788484361,106.04090967158868,2025-01-19,1,"Panyaungan Timur, Banten",Banjir
-7.701654074636278,106.65524434354596,2025-01-20,0,"Rancaerang, West Java",Tidak Banjir
-6.404031166657052,107.36512391237632,2025-01-21,1,"Cikampek, West Java",Banjir
-6.673515301180639,107.40196714481309,2025-01-22,1,"Purwakarta, West Java",Banjir
-7.093723996542605,106.72381221267386,2025-01-23,1,"Puncakdago, West Java",Banjir
-6.714051696092333,107.10363291662875,2025-01-24,1,"Ciranjang-hilir, West Java",Banjir
-7.272114528708388,107.10836601220406,2025-01-25,0,"Pasirmanggu, West Java",Tidak Banjir
-6.175634034055118,106.60076502796672,2025-01-26,1,"Tangerang, Banten",Banjir
-7.862268509513548,107.67772231591194,2025-01-27,1,"Ciawi, West Java",Banjir
-7.26275614360199,107.9255475011767,2025-01-28,1,"Babakan Baru, West Java",Banjir
-6.535878821408923,106.61715653925106,2025-01-29,1,"Ciampea, West Java",Banjir
-7.068994318761863,106.82111191550077,2025-01-30,1,"Ciguna, West Java",Banjir
-6.669420927701307,106.24949558185172,2025-01-31,1,"Cilebang Satu, Banten",Banjir
-7.522692391351251,107.76260171677949,2025-02-01,0,"Margamulya, West Java",Tidak Banjir
-6.54951401728099,106.15876371354184,2025-02-02,0,"Kadulari, Banten",Tidak Banjir
-6.81648304170552,106.36840782794393,2025-02-03,1,"Cipanggung, Banten",Banjir
-7.32462098143635,106.42438812730428,2025-02-04,1,"Gunungbatu, West Java",Banjir
-6.786136768318014,107.56183000673164,2025-02-05,1,"Lembang, West Java",Banjir
-6.172919853845514,107.22906649437124,2025-02-06,1,"Rengasdengklok, West Java",Banjir
-6.318545837630811,106.64288864859232,2025-02-07,1,"Serpong, West Java",Banjir
-7.347747323132463,107.04150179495976,2025-02-08,0,"Sukasirna, West Java",Tidak Banjir
-6.868360637009097,107.52433984868664,2025-02-09,1,"Cimahi, West Java",Banjir
-6.502456933379917,106.72071347832475,2025-02-10,1,"Ciampea, West Java",Banjir
-6.3041823851006615,107.2722641214305,2025-02-11,1,"Cikarang, West Java",Banjir
-7.770631296579685,107.8981231231374,2025-02-12,1,"Ciheras, West Java",Banjir
-6.1897144308459175,106.0814724053774,2025-02-13,0,"Pancanagara, Banten",Tidak Banjir
-7.525465404560634,106.7292571484308,2025-02-14,0,"Tegalbuleud, West Java",Tidak Banjir
-7.745047874585362,106.22511141367632,2025-02-15,0,"Gunungbatu, West Java",Tidak Banjir
-6.437267571503154,107.57660637066316,2025-02-16,0,"Cikampek, West Java",Tidak Banjir
-7.389111775236001,107.46684160287263,2025-02-17,1,"Cibuluh, West Java",Banjir
-7.615074061294843,107.20937975279992,2025-02-18,1,"Cikamurang, West Java",Banjir
-6.663776947217364,106.9163059318898,2025-02-19,1,"Caringin, West Java",Banjir
-6.588494956044371,106.95571058450648,2025-02-20,1,"Citeureup, West Java",Banjir
-7.226533831220889,107.92181446973616,2025-02-21,0,"Suci Kidul, West Java",Tidak Banjir
-7.315889795023208,107.59716721035258,2025-02-22,0,"Pasirangin Satu, West Java",Tidak Banjir
-7.62139293602482,107.79669877426088,2025-02-23,1,"Pangligaran, West Java",Banjir
-7.837239898538626,106.42573637358846,2025-02-24,0,"Cibungur, West Java",Tidak Banjir
-6.074840031546709,106.70092359518908,2025-02-25,0,"Teluknaga, West Java",Tidak Banjir
-6.729858198541646,107.7053080094192,2025-02-26,0,"Lembang, West Java",Tidak Banjir
-6.291404730360217,106.68561426461496,2025-02-27,0,"South Tangerang, Banten",Tidak Banjir
-7.221856225029241,107.21853289999888,2025-02-28,0,"Panineungan, West Java",Tidak Banjir
-6.897348175842127,107.02681357066469,2025-03-01,0,"Sukabumi, West Java",Tidak Banjir
-6.752042254615591,107.24220800990028,2025-03-02,1,"Ciranjang-hilir, West Java",Banjir
-6.658232631683299,107.43957112786129,2025-03-03,1,"Purwakarta, West Java",Banjir
-6.99094751302958,107.15931382031556,2025-03-04,1,"Warungsimpang, West Java",Banjir
-6.972741541841817,107.61008665727404,2025-03-05,0,"Margahayukencana, West Java",Tidak Banjir
-6.053308962511074,107.3284933683369,2025-03-06,1,"Rengasdengklok, West Java",Banjir
-6.4413437701260605,106.14940083156804,2025-03-07,0,"Sarageni, Banten",Tidak Banjir
-7.992773401372255,107.41222650269565,2025-03-08,1,"Gunungsulah, West Java",Banjir
-7.105669264803748,107.91450572528302,2025-03-09,1,"Cangkuang, West Java",Banjir
-6.119679495063579,106.09477966442068,2025-03-10,0,"Pekijing, Banten",Tidak Banjir
-6.247625435550502,106.37656364685212,2025-03-11,1,"Kresek, West Java",Banjir
-7.475977474120937,106.99015681329897,2025-03-12,1,"Sukadami, West Java",Banjir
-6.694677973845138,107.28632084157957,2025-03-13,0,"Ciranjang-hilir, West Java",Tidak Banjir
-6.257816352687422,106.06414701480804,2025-03-14,1,"Kaduengang, Banten",Banjir
-6.39789629375092,106.2320782996864,2025-03-15,0,"Rangkasbitung, Banten",Tidak Banjir
-7.2747506899355585,107.94279159593124,2025-03-16,0,"Cigadog, West Java",Tidak Banjir
-6.293667508098298,106.62026846355371,2025-03-17,1,"Serpong, West Java",Banjir
-6.460959441857757,107.82673412128432,2025-03-18,1,"Pamanukan, West Java",Banjir
-6.4959012380494325,107.6795369273313,2025-03-19,0,"Cikampek, West Java",Tidak Banjir
-6.175071836163721,106.71780734505802,2025-03-20,1,"Ciputat, West Java",Banjir
-7.7199072321867375,106.87179104943934,2025-03-21,1,"Sinarharapan, West Java",Banjir
-6.83886332861916,106.89380849821636,2025-03-22,1,"Sukabumi, West Java",Banjir
-7.01899652993348,107.41861301263684,2025-03-23,0,"Soreang, West Java",Tidak Banjir
-6.640800689126638,106.29782266167454,2025-03-24,1,"Hariang, Banten",Banjir
-7.959343633527451,106.9458115337088,2025-03-25,1,"Sukadami, West Java",Banjir
-6.2488001690902,106.26967497000908,2025-03-26,1,"Rangkasbitung, Banten",Banjir
-7.665392392031984,107.03275509129516,2025-03-27,0,"Mekarsari, West Java",Tidak Banjir
-6.636451849314291,106.12960676661646,2025-03-28,0,"Parakanlima, Banten",Tidak Banjir
-7.4252698750865855,106.67521700805952,2025-03-29,0,"Mekarjaya Satu, West Java",Tidak Banjir
-6.156838097800853,106.9095498035326,2025-03-30,1,"Jakarta, Jakarta Raya",Banjir
-7.232377061297427,106.43505320310376,2025-03-31,0,"Sindangasih, West Java",Tidak Banjir
-6.924609714157461,106.3261922547064,2025-04-01,0,"Lebaktipar, Banten",Tidak Banjir
-6.500351945737085,107.93651077244569,2025-04-02,1,"Pamanukan, West Java",Banjir
-7.243636092953947,107.36599114464858,2025-04-03,0,"Balegede, West Java",Tidak Banjir
-6.522012403807905,106.69561282215652,2025-04-04,0,"Ciampea, West Java",Tidak Banjir
-7.964323845472368,106.08650711613952,2025-04-05,1,"Gunungbatu, West Java",Banjir
-7.248810443300462,106.7002592982674,2025-04-06,0,"Cinagrog Girang, West Java",Tidak Banjir
-7.133914116494399,107.74687899918044,2025-04-07,1,"Paseh, West Java",Banjir
-7.154184973559596,106.58637446648588,2025-04-08,0,"Cihaur Girang, West Java",Tidak Banjir
-6.705264655476656,107.97466725363144,2025-04-09,1,Tidak diketahui,Banjir
-6.5271767881126745,106.12570933922396,2025-04-10,0,"Keboncau, Banten",Tidak Banjir
-6.887231625401624,107.79389766880745,2025-04-11,0,"Cileunyi, West Java",Tidak Banjir
-7.612375591800658,106.14672792204082,2025-04-12,0,"Gunungbatu, West Java",Tidak Banjir
-7.358357828372607,106.78326455575176,2025-04-13,1,"Karangnenggang, West Java",Banjir
-6.207050303801436,106.86131491453452,2025-04-14,0,"Jakarta, Jakarta Raya",Tidak Banjir
-7.515314726110027,107.48282817402324,2025-04-15,0,"Rancabuaya, West Java",Tidak Banjir
-7.695915388294559,107.11533432830733,2025-04-16,1,"Cigarogol, West Java",Banjir
-6.419199062741549,107.96683621589251,2025-04-17,0,"Pamanukan, West Java",Tidak Banjir
-6.477010436215535,106.02766605230195,2025-04-18,1,"Parag, Banten",Banjir
-6.610128930472048,106.21818495117836,2025-04-19,0,"Kaduketug, Banten",Tidak Banjir
-7.0030403125650125,107.14373168399048,2025-04-20,1,"Warungsimpang, West Java",Banjir
-7.590766586687175,107.30256754815856,2025-04-21,0,"Cikole, West Java",Tidak Banjir
-6.320845915791504,106.36322971444224,2025-04-22,1,"Rangkasbitung, Banten",Banjir
-7.9601526469608785,106.57042098404068,2025-04-23,0,"Rancaerang, West Java",Tidak Banjir
-7.380857848150741,106.15959607878824,2025-04-24,1,"Gunungbatu, West Java",Banjir
-6.492880358017137,107.44367008345148,2025-04-25,0,"Purwakarta, West Java",Tidak Banjir
-6.6626592967863125,107.04593347033855,2025-04-26,0,"Caringin, West Java",Tidak Banjir
-7.989259159817021,106.13898932911889,2025-04-27,1,"Gunungbatu, West Java",Banjir
-7.814823888910697,107.3169794468802,2025-04-28,0,"Cikole, West Java",Tidak Banjir
-7.841250726106676,107.67013958440782,2025-04-29,1,"Bunisari, West Java",Banjir
-7.553854307377766,107.49259666484772,2025-04-30,1,"Rancabuaya, West Java",Banjir
-7.734446186596,106.0694781845787,2025-05-01,1,"Gunungbatu, West Java",Banjir
-6.318502660388472,106.71634109314355,2025-05-02,1,"South Tangerang, Banten",Banjir
-6.874608217570712,106.06106769040478,2025-05-03,1,"Cicatang Satu, Banten",Banjir
-7.7711410271836305,106.56847819577804,2025-05-04,1,"Rancaerang, West Java",Banjir
-7.586626065044076,107.01307792503508,2025-05-05,0,"Sukadami, West Java",Tidak Banjir
-6.021476926848047,107.84292882972002,2025-05-06,1,"Pamanukan, West Java",Banjir
-7.212873637371567,107.75305099568855,2025-05-07,1,"Pangauban, West Java",Banjir
-7.757008432021974,107.2107651485378,2025-05-08,0,"Cikamurang, West Java",Tidak Banjir
-7.4103816425381694,106.04201899983671,2025-05-09,1,"Gunungbatu, West Java",Banjir
-6.105629483858774,107.2541207215684,2025-05-10,1,"Rengasdengklok, West Java",Banjir
-7.720063001225908,106.4518775828716,2025-05-11,0,"Cibungur, West Java",Tidak Banjir
-6.670855658818602,107.354859429323,2025-05-12,0,"Purwakarta, West Java",Tidak Banjir
-7.117220121801296,106.75571140855338,2025-05-13,0,"Bojonghaur, West Java",Tidak Banjir
-6.253983016031242,106.76496855906116,2025-05-14,1,"South Tangerang, Banten",Banjir
-7.518860534555694,106.70316097687925,2025-05-15,1,"Rancaerang, West Java",Banjir
-7.933330532021968,107.36227792237818,2025-05-16,0,"Rancabuaya, West Java",Tidak Banjir
-7.020477349997567,106.91668124174484,2025-05-17,1,"Liunggunung, West Java",Banjir
-6.131016088826516,107.72975537897996,2025-05-18,1,"Pamanukan, West Java",Banjir
-6.008522874109996,106.38384644617646,2025-05-19,0,"Langgen, Banten",Tidak Banjir
-7.277091677581794,107.26717313002142,2025-05-20,0,"Singkup, West Java",Tidak Banjir
-7.799592856692616,107.7579447441613,2025-05-21,0,"Cibaregbeg, West Java",Tidak Banjir
-7.100359585697098,106.59808887737243,2025-05-22,0,"Cigaru, West Java",Tidak Banjir
-6.0406968521363975,106.56316149472742,2025-05-23,0,"Sepatan, West Java",Tidak Banjir
-7.897370300559603,107.80223620252976,2025-05-24,0,"Cibalieur, West Java",Tidak Banjir
-7.000117304847602,106.79175477155054,2025-05-25,1,"Gunungkalong, West Java",Banjir
-6.461179063412403,106.2311725076116,2025-05-26,0,"Babakankasilun, Banten",Tidak Banjir
-7.242582914390044,106.86160009549658,2025-05-27,1,"Cimanggu, West Java",Banjir
-6.250185446939323,107.76030024804552,2025-05-28,0,"Pamanukan, West Java",Tidak Banjir
-6.008014499274197,107.00962525767387,2025-05-29,1,"Bekasi, West Java",Banjir
-6.61353171712137,106.68510829392488,2025-05-30,1,"Ciampea, West Java",Banjir
-6.186776888211991,106.15131642521712,2025-05-31,0,"Pasagipasir, Banten",Tidak Banjir
-6.970134399661206,107.41067008021352,2025-06-01,0,"Soreang, West Java",Tidak Banjir
-7.041111735218318,107.74382427997166,2025-06-02,0,"Paseh, West Java",Tidak Banjir
-6.615274748341696,106.5295429551569,2025-06-03,1,"Sidoger Lebak, West Java",Banjir
-6.652761020650419,106.68513471241684,2025-06-04,1,"Ciampea, West Java",Banjir
-6.539556441029248,107.34830023546708,2025-06-05,0,"Purwakarta, West Java",Tidak Banjir
-7.937487638430832,107.36595723955018,2025-06-06,1,"Rancabuaya, West Java",Banjir
-7.347597634175087,106.54700685599668,2025-06-07,0,"Pondokaso, West Java",Tidak Banjir
-7.323186052388297,107.02011802926584,2025-06-08,1,"Sirnasari, West Java",Banjir
-6.283831878079969,106.9943585143504,2025-06-09,1,"Bekasi, West Java",Banjir
-7.56519165070011,106.78402588486637,2025-06-10,0,"Tegalbuleud, West Java",Tidak Banjir
-7.312755526271598,107.24101423997406,2025-06-11,0,"Babakan, West Java",Tidak Banjir
-7.846743449595793,107.74135638523016,2025-06-12,0,"Cibera, West Java",Tidak Banjir
-7.973571532430002,107.21124073411724,2025-06-13,1,"Cikole, West Java",Banjir
-7.848312113698039,106.37675122718144,2025-06-14,0,"Cibungur, West Java",Tidak Banjir
-6.743465833413495,107.12939695755112,2025-06-15,0,"Ciranjang-hilir, West Java",Tidak Banjir
-7.936029179333318,106.76413339543372,2025-06-16,1,"Tegalbuleud, West Java",Banjir
-7.034346976464482,107.8740236978837,2025-06-17,0,"Cigorowong Kidul, West Java",Tidak Banjir
-7.91901739000864,107.32748036094762,2025-06-18,0,"Rancabuaya, West Java",Tidak Banjir
-6.611122718653755,107.14480572326931,2025-06-19,1,"Ciranjang-hilir, West Java",Banjir
-6.448745510669773,106.7492792194935,2025-06-20,1,"Parung, West Java",Banjir
-7.030414008634564,107.70954036023316,2025-06-21,1,"Paseh, West Java",Banjir
-6.836108812751086,107.40680498225204,2025-06-22,1,"Padalarang, West Java",Banjir
-6.1087310556393,106.45694138328456,2025-06-23,0,"Kresek, West Java",Tidak Banjir
-7.585785992958549,107.9546138660926,2025-06-24,1,"Cicomre, West Java",Banjir
-6.822067310258452,107.53883251060766,2025-06-25,0,"Cimahi, West Java",Tidak Banjir
-6.602502317719964,106.57580760183384,2025-06-26,1,"Sidoger Lebak, West Java",Banjir
-6.366706580908482,106.22073797357908,2025-06-27,0,"Rangkasbitung, Banten",Tidak Banjir
-6.860545637948368,107.10632397245816,2025-06-28,1,"Cibeber, West Java",Banjir
-7.735089302504385,106.3745878255636,2025-06-29,0,"Cibungur, West Java",Tidak Banjir
-7.905089002712289,107.05244859333824,2025-06-30,0,"Cigarogol, West Java",Tidak Banjir
-7.142359516504544,106.84953824849828,2025-07-01,0,"Cipari Satu, West Java",Tidak Banjir
-6.405306933882509,106.587570558166,2025-07-02,1,"Serpong, West Java",Banjir
-7.931886825131593,106.1060668975769,2025-07-03,1,"Gunungbatu, West Java",Banjir
-7.146671851471231,106.68745381998292,2025-07-04,1,"Lengkong, West Java",Banjir
-7.260128652276426,107.27189059244613,2025-07-05,0,"Singkup, West Java",Tidak Banjir
-7.243931878003485,107.8936897993474,2025-07-06,0,"Cibunar, West Java",Tidak Banjir
-6.89892958582346,106.50290280538154,2025-07-07,1,"Nagrak, West Java",Banjir
-6.818599376155387,107.63236738002703,2025-07-08,0,"Lembang, West Java",Tidak Banjir
-6.229246264414601,107.65267282407342,2025-07-09,0,"Pamanukan, West Java",Tidak Banjir
-6.036678779931603,107.17041630699408,2025-07-10,0,"Rengasdengklok, West Java",Tidak Banjir
-7.11597349206748,107.10289305553157,2025-07-11,0,"Ciodeng, West Java",Tidak Banjir
-6.302713795431792,107.80128375290462,2025-07-12,0,"Pamanukan, West Java",Tidak Banjir
-7.332043322871661,106.74487090676148,2025-07-13,0,"Cikupa, West Java",Tidak Banjir
-6.392968377362664,106.31020576728667,2025-07-14,0,"Rangkasbitung, Banten",Tidak Banjir
-6.2771850649335015,107.78892356818596,2025-07-15,1,"Pamanukan, West Java",Banjir
-6.047170609215313,107.82463041301416,2025-07-16,0,"Pamanukan, West Java",Tidak Banjir
-7.923351908496571,106.97385196740323,2025-07-17,0,"Sukadami, West Java",Tidak Banjir
-6.94171313405935,106.4420220433344,2025-07-18,1,"Tugu, West Java",Banjir
-6.1364473702169136,107.205083784555,2025-07-19,0,"Rengasdengklok, West Java",Tidak Banjir
-7.287811803049779,107.06985423405024,2025-07-20,1,"Puncakwangi, West Java",Banjir
-7.765906703563404,107.60746892383804,2025-07-21,1,"Bunisari, West Java",Banjir
-7.276477547957552,106.89810072763012,2025-07-22,1,"Cikarang, West Java",Banjir
-7.757408449981691,107.14265102992825,2025-07-23,0,"Cigarogol, West Java",Tidak Banjir
-6.356742701849158,106.34101459973812,2025-07-24,0,"Rangkasbitung, Banten",Tidak Banjir
-6.008622864408437,106.42844694320732,2025-07-25,0,"Langgen, Banten",Tidak Banjir
-7.531419764463561,106.48533763913612,2025-07-26,0,"Cibungur, West Java",Tidak Banjir
-7.745724241937062,106.5057297420361,2025-07-27,0,"Cibungur, West Java",Tidak Banjir
-7.908937122211734,106.3085904493808,2025-07-28,1,"Cibungur, West Java",Banjir
-6.550530831013073,106.4116099119189,2025-07-29,1,"Cipanas, Banten",Banjir
-6.118731010213038,107.70502822167867,2025-07-30,1,"Pamanukan, West Java",Banjir
-7.463973814277938,106.65204066362064,2025-07-31,0,"Mekarjaya Satu, West Java",Tidak Banjir
-7.745207745635215,107.03619531979182,2025-08-01,1,"Mekarsari, West Java",Banjir
-6.706835232286203,106.520862036415,2025-08-02,0,"Cipeundeuy, West Java",Tidak Banjir
-7.364630963449264,106.78450362253528,2025-08-03,1,"Calingcing, West Java",Banjir
-7.028933884484684,106.1112923599418,2025-08-04,0,"Panyaungan Timur, Banten",Tidak Banjir
-7.311729250500615,106.61902647651488,2025-08-05,0,"Babakan Baru, West Java",Tidak Banjir
-6.30572362755885,106.81747799240824,2025-08-06,1,"Pamulang, West Java",Banjir
-6.643175141904794,107.47373827106088,2025-08-07,0,"Purwakarta, West Java",Tidak Banjir
-6.441333101543449,106.4182022912668,2025-08-08,0,"Guradog, Banten",Tidak Banjir
-7.510793465832773,107.0331622307691,2025-08-09,0,"Sukadami, West Java",Tidak Banjir
-7.357952702994907,107.20683188200822,2025-08-10,1,"Simpang, West Java",Banjir
-7.619439373891344,107.47023437753798,2025-08-11,0,"Rancabuaya, West Java",Tidak Banjir
-7.459954175639117,106.68079475954592,2025-08-12,0,"Mekarjaya Satu, West Java",Tidak Banjir
-7.290518714889603,107.7808717476453,2025-08-13,0,"Ciwaru, West Java",Tidak Banjir
-7.485750402483134,106.69326921512928,2025-08-14,0,"Rancaerang, West Java",Tidak Banjir
-6.62071006867826,107.84655867253026,2025-08-15,1,Tidak diketahui,Banjir
-7.604445826817473,106.96002335369118,2025-08-16,0,"Sukadami, West Java",Tidak Banjir
-6.647914442756733,106.0246626748078,2025-08-17,1,"Bulakan, Banten",Banjir
-7.781236086026247,107.59236140702576,2025-08-18,1,"Bunisari, West Java",Banjir
-7.225994835020556,106.02723496749522,2025-08-19,0,"Panyaungan Timur, Banten",Tidak Banjir
-6.091792250546163,107.38534302819612,2025-08-20,1,"Rengasdengklok, West Java",Banjir
-7.665366992574994,106.48429642905543,2025-08-21,1,"Cibungur, West Java",Banjir
-7.970170801979402,106.47995003083238,2025-08-22,1,"Rancaerang, West Java",Banjir
-7.407044262521915,106.69811333577005,2025-08-23,1,"Mekarjaya Satu, West Java",Banjir
-7.095445676702878,106.07386927495976,2025-08-24,0,"Panyaungan Timur, Banten",Tidak Banjir
-6.307520570641454,106.2203658645418,2025-08-25,1,"Rangkasbitung, Banten",Banjir
-6.594713213579814,106.39125800367488,2025-08-26,1,"Padurung, Banten",Banjir
-6.014342628449399,107.11352619955258,2025-08-27,1,"Rengasdengklok, West Java",Banjir
-6.393773750604545,107.6654035290794,2025-08-28,1,"Pamanukan, West Java",Banjir
-6.66853431612063,106.8527625804834,2025-08-29,0,"Caringin, West Java",Tidak Banjir
-6.851790741488752,106.19274905502895,2025-08-30,0,"Bangbayang, Banten",Tidak Banjir
-6.783589608706306,106.13311720026418,2025-08-31,0,"Cikaras, Banten",Tidak Banjir
-6.051481347347345,106.96563567436316,2025-09-01,0,"Bekasi, West Java",Tidak Banjir
-6.431043716808473,107.7910888006268,2025-09-02,0,"Pamanukan, West Java",Tidak Banjir
-6.429074650697313,106.71736093921731,2025-09-03,1,"Parung, West Java",Banjir
-7.348161241243171,107.5674813714923,2025-09-04,0,"Pasirjambu, West Java",Tidak Banjir
-6.590483262237353,106.63030212770052,2025-09-05,0,"Ciampea, West Java",Tidak Banjir
-7.595626572534695,107.36762161575992,2025-09-06,0,"Kertajadi, West Java",Tidak Banjir
-7.384044658123152,106.9461221759292,2025-09-07,1,"Cikarang, West Java",Banjir
-6.411852572994008,107.49025120336673,2025-09-08,0,"Cikampek, West Java",Tidak Banjir
-7.374270238553603,106.96783553437788,2025-09-09,1,"Nagasari, West Java",Banjir
-6.776555036709092,107.95871859931832,2025-09-10,1,Tidak diketahui,Banjir
-6.870404421127352,107.06469577294814,2025-09-11,1,"Cibeber, West Java",Banjir
-6.32007536621488,107.43864423320196,2025-09-12,1,"Cikampek, West Java",Banjir
-7.144143910111431,106.28545706509762,2025-09-13,1,"Cisujen Satu, Banten",Banjir
-6.99147599034854,107.33604890474864,2025-09-14,1,"Nagrog, West Java",Banjir
-7.098168684197173,106.87164190348815,2025-09-15,1,"Purabaya, West Java",Banjir
-6.23981651821896,106.43983048758376,2025-09-16,0,"Cikupa, West Java",Tidak Banjir
-7.585003561240665,106.5041838404949,2025-09-17,0,"Cibungur, West Java",Tidak Banjir
-6.110914437443003,106.93471952805604,2025-09-18,0,"Bekasi, West Java",Tidak Banjir
-7.763598078917034,106.39854932696744,2025-09-19,1,"Cibungur, West Java",Banjir
-7.494115867925611,107.13406932108116,2025-09-20,1,"Sindangbarang, West Java",Banjir
-6.5571168418405765,106.74818260173554,2025-09-21,0,"Ciampea, West Java",Tidak Banjir
-7.620399146397582,107.46406528947148,2025-09-22,0,"Rancabuaya, West Java",Tidak Banjir
-7.10385258213091,107.21429352772812,2025-09-23,0,"Citamiang, West Java",Tidak Banjir
-7.409349391493177,106.2246992742205,2025-09-24,1,"Gunungbatu, West Java",Banjir
-6.7029112911974975,106.68787256135413,2025-09-25,1,"Cicurug, West Java",Banjir
-6.512613547414623,106.13681058261824,2025-09-26,1,"Keboncau, Banten",Banjir
